filename,predicted_digit
00000.jpg,4
00001.jpg,3
00002.jpg,2
00003.jpg,2
00004.jpg,3
00005.jpg,6
00006.jpg,8
00007.jpg,4
00008.jpg,6
00009.jpg,2
00010.jpg,1
00011.jpg,9
00012.jpg,9
00013.jpg,0
00014.jpg,8
00015.jpg,5
00016.jpg,5
00017.jpg,9
00018.jpg,5
00019.jpg,7
00020.jpg,3
00021.jpg,9
00022.jpg,0
00023.jpg,7
00024.jpg,8
00025.jpg,9
00026.jpg,6
00027.jpg,8
00028.jpg,7
00029.jpg,6
00030.jpg,7
00031.jpg,1
00032.jpg,6
00033.jpg,1
00034.jpg,7
00035.jpg,7
00036.jpg,5
00037.jpg,2
00038.jpg,6
00039.jpg,7
00040.jpg,8
00041.jpg,7
00042.jpg,9
00043.jpg,3
00044.jpg,0
00045.jpg,1
00046.jpg,0
00047.jpg,0
00048.jpg,6
00049.jpg,4
00050.jpg,5
00051.jpg,3
00052.jpg,6
00053.jpg,0
00054.jpg,1
00055.jpg,7
00056.jpg,3
00057.jpg,3
00058.jpg,2
00059.jpg,9
00060.jpg,8
00061.jpg,3
00062.jpg,1
00063.jpg,7
00064.jpg,9
00065.jpg,5
00066.jpg,0
00067.jpg,9
00068.jpg,8
00069.jpg,5
00070.jpg,7
00071.jpg,2
00072.jpg,6
00073.jpg,9
00074.jpg,8
00075.jpg,4
00076.jpg,4
00077.jpg,1
00078.jpg,2
00079.jpg,0
00080.jpg,4
00081.jpg,5
00082.jpg,7
00083.jpg,8
00084.jpg,2
00085.jpg,3
00086.jpg,8
00087.jpg,7
00088.jpg,9
00089.jpg,9
00090.jpg,9
00091.jpg,7
00092.jpg,6
00093.jpg,1
00094.jpg,7
00095.jpg,0
00096.jpg,0
00097.jpg,7
00098.jpg,4
00099.jpg,9
00100.jpg,0
00101.jpg,0
00102.jpg,1
00103.jpg,6
00104.jpg,1
00105.jpg,0
00106.jpg,7
00107.jpg,0
00108.jpg,4
00109.jpg,6
00110.jpg,7
00111.jpg,9
00112.jpg,5
00113.jpg,4
00114.jpg,0
00115.jpg,9
00116.jpg,1
00117.jpg,6
00118.jpg,7
00119.jpg,0
00120.jpg,4
00121.jpg,5
00122.jpg,7
00123.jpg,3
00124.jpg,4
00125.jpg,3
00126.jpg,8
00127.jpg,6
00128.jpg,6
00129.jpg,2
00130.jpg,7
00131.jpg,8
00132.jpg,1
00133.jpg,2
00134.jpg,7
00135.jpg,3
00136.jpg,2
00137.jpg,2
00138.jpg,0
00139.jpg,5
00140.jpg,9
00141.jpg,1
00142.jpg,7
00143.jpg,6
00144.jpg,6
00145.jpg,2
00146.jpg,6
00147.jpg,1
00148.jpg,8
00149.jpg,6
00150.jpg,4
00151.jpg,4
00152.jpg,1
00153.jpg,1
00154.jpg,6
00155.jpg,5
00156.jpg,6
00157.jpg,2
00158.jpg,5
00159.jpg,1
00160.jpg,7
00161.jpg,8
00162.jpg,9
00163.jpg,0
00164.jpg,4
00165.jpg,8
00166.jpg,2
00167.jpg,3
00168.jpg,1
00169.jpg,5
00170.jpg,1
00171.jpg,1
00172.jpg,0
00173.jpg,7
00174.jpg,1
00175.jpg,9
00176.jpg,1
00177.jpg,7
00178.jpg,5
00179.jpg,8
00180.jpg,3
00181.jpg,3
00182.jpg,3
00183.jpg,6
00184.jpg,9
00185.jpg,5
00186.jpg,8
00187.jpg,5
00188.jpg,4
00189.jpg,0
00190.jpg,1
00191.jpg,6
00192.jpg,9
00193.jpg,4
00194.jpg,5
00195.jpg,2
00196.jpg,2
00197.jpg,5
00198.jpg,0
00199.jpg,8
00200.jpg,7
00201.jpg,4
00202.jpg,1
00203.jpg,3
00204.jpg,6
00205.jpg,5
00206.jpg,5
00207.jpg,3
00208.jpg,8
00209.jpg,7
00210.jpg,6
00211.jpg,7
00212.jpg,9
00213.jpg,3
00214.jpg,4
00215.jpg,9
00216.jpg,2
00217.jpg,1
00218.jpg,2
00219.jpg,3
00220.jpg,4
00221.jpg,7
00222.jpg,6
00223.jpg,4
00224.jpg,5
00225.jpg,0
00226.jpg,3
00227.jpg,3
00228.jpg,4
00229.jpg,9
00230.jpg,7
00231.jpg,4
00232.jpg,9
00233.jpg,1
00234.jpg,1
00235.jpg,9
00236.jpg,5
00237.jpg,3
00238.jpg,6
00239.jpg,7
00240.jpg,3
00241.jpg,7
00242.jpg,3
00243.jpg,9
00244.jpg,0
00245.jpg,8
00246.jpg,0
00247.jpg,1
00248.jpg,3
00249.jpg,7
00250.jpg,6
00251.jpg,4
00252.jpg,8
00253.jpg,6
00254.jpg,1
00255.jpg,8
00256.jpg,6
00257.jpg,1
00258.jpg,2
00259.jpg,9
00260.jpg,6
00261.jpg,7
00262.jpg,6
00263.jpg,1
00264.jpg,6
00265.jpg,9
00266.jpg,2
00267.jpg,4
00268.jpg,5
00269.jpg,7
00270.jpg,1
00271.jpg,4
00272.jpg,3
00273.jpg,4
00274.jpg,8
00275.jpg,5
00276.jpg,9
00277.jpg,2
00278.jpg,0
00279.jpg,2
00280.jpg,7
00281.jpg,6
00282.jpg,2
00283.jpg,3
00284.jpg,6
00285.jpg,0
00286.jpg,0
00287.jpg,8
00288.jpg,5
00289.jpg,3
00290.jpg,9
00291.jpg,2
00292.jpg,0
00293.jpg,2
00294.jpg,8
00295.jpg,3
00296.jpg,2
00297.jpg,4
00298.jpg,7
00299.jpg,4
00300.jpg,8
00301.jpg,6
00302.jpg,5
00303.jpg,0
00304.jpg,4
00305.jpg,1
00306.jpg,2
00307.jpg,3
00308.jpg,9
00309.jpg,0
00310.jpg,3
00311.jpg,6
00312.jpg,1
00313.jpg,7
00314.jpg,3
00315.jpg,0
00316.jpg,0
00317.jpg,5
00318.jpg,6
00319.jpg,1
00320.jpg,9
00321.jpg,2
00322.jpg,5
00323.jpg,9
00324.jpg,3
00325.jpg,9
00326.jpg,4
00327.jpg,3
00328.jpg,2
00329.jpg,4
00330.jpg,9
00331.jpg,9
00332.jpg,6
00333.jpg,8
00334.jpg,0
00335.jpg,5
00336.jpg,2
00337.jpg,6
00338.jpg,1
00339.jpg,2
00340.jpg,0
00341.jpg,9
00342.jpg,5
00343.jpg,2
00344.jpg,4
00345.jpg,7
00346.jpg,8
00347.jpg,9
00348.jpg,6
00349.jpg,8
00350.jpg,4
00351.jpg,1
00352.jpg,4
00353.jpg,2
00354.jpg,8
00355.jpg,3
00356.jpg,1
00357.jpg,1
00358.jpg,7
00359.jpg,9
00360.jpg,6
00361.jpg,5
00362.jpg,7
00363.jpg,1
00364.jpg,4
00365.jpg,8
00366.jpg,6
00367.jpg,9
00368.jpg,2
00369.jpg,8
00370.jpg,2
00371.jpg,4
00372.jpg,4
00373.jpg,0
00374.jpg,5
00375.jpg,3
00376.jpg,6
00377.jpg,0
00378.jpg,7
00379.jpg,7
00380.jpg,3
00381.jpg,3
00382.jpg,2
00383.jpg,2
00384.jpg,3
00385.jpg,1
00386.jpg,9
00387.jpg,2
00388.jpg,6
00389.jpg,7
00390.jpg,4
00391.jpg,8
00392.jpg,7
00393.jpg,1
00394.jpg,6
00395.jpg,9
00396.jpg,3
00397.jpg,8
00398.jpg,2
00399.jpg,4
00400.jpg,6
00401.jpg,9
00402.jpg,4
00403.jpg,7
00404.jpg,9
00405.jpg,1
00406.jpg,2
00407.jpg,9
00408.jpg,5
00409.jpg,9
00410.jpg,1
00411.jpg,0
00412.jpg,1
00413.jpg,2
00414.jpg,8
00415.jpg,6
00416.jpg,6
00417.jpg,5
00418.jpg,3
00419.jpg,7
00420.jpg,1
00421.jpg,9
00422.jpg,0
00423.jpg,7
00424.jpg,2
00425.jpg,3
00426.jpg,4
00427.jpg,1
00428.jpg,8
00429.jpg,6
00430.jpg,3
00431.jpg,2
00432.jpg,4
00433.jpg,7
00434.jpg,5
00435.jpg,1
00436.jpg,9
00437.jpg,2
00438.jpg,3
00439.jpg,7
00440.jpg,1
00441.jpg,9
00442.jpg,5
00443.jpg,2
00444.jpg,3
00445.jpg,3
00446.jpg,6
00447.jpg,9
00448.jpg,4
00449.jpg,9
00450.jpg,0
00451.jpg,2
00452.jpg,1
00453.jpg,9
00454.jpg,2
00455.jpg,7
00456.jpg,7
00457.jpg,0
00458.jpg,4
00459.jpg,6
00460.jpg,8
00461.jpg,4
00462.jpg,3
00463.jpg,4
00464.jpg,4
00465.jpg,7
00466.jpg,3
00467.jpg,4
00468.jpg,1
00469.jpg,3
00470.jpg,7
00471.jpg,4
00472.jpg,7
00473.jpg,6
00474.jpg,8
00475.jpg,5
00476.jpg,2
00477.jpg,6
00478.jpg,7
00479.jpg,1
00480.jpg,1
00481.jpg,2
00482.jpg,1
00483.jpg,3
00484.jpg,6
00485.jpg,0
00486.jpg,2
00487.jpg,3
00488.jpg,4
00489.jpg,4
00490.jpg,3
00491.jpg,7
00492.jpg,4
00493.jpg,0
00494.jpg,2
00495.jpg,6
00496.jpg,2
00497.jpg,1
00498.jpg,8
00499.jpg,9
00500.jpg,3
00501.jpg,9
00502.jpg,1
00503.jpg,5
00504.jpg,5
00505.jpg,1
00506.jpg,8
00507.jpg,4
00508.jpg,7
00509.jpg,3
00510.jpg,6
00511.jpg,3
00512.jpg,6
00513.jpg,0
00514.jpg,1
00515.jpg,8
00516.jpg,6
00517.jpg,1
00518.jpg,1
00519.jpg,4
00520.jpg,3
00521.jpg,9
00522.jpg,5
00523.jpg,3
00524.jpg,3
00525.jpg,4
00526.jpg,7
00527.jpg,5
00528.jpg,3
00529.jpg,5
00530.jpg,6
00531.jpg,2
00532.jpg,8
00533.jpg,9
00534.jpg,9
00535.jpg,7
00536.jpg,7
00537.jpg,6
00538.jpg,7
00539.jpg,1
00540.jpg,7
00541.jpg,0
00542.jpg,9
00543.jpg,0
00544.jpg,4
00545.jpg,2
00546.jpg,3
00547.jpg,9
00548.jpg,5
00549.jpg,2
00550.jpg,1
00551.jpg,7
00552.jpg,4
00553.jpg,5
00554.jpg,4
00555.jpg,8
00556.jpg,6
00557.jpg,5
00558.jpg,6
00559.jpg,5
00560.jpg,2
00561.jpg,1
00562.jpg,0
00563.jpg,7
00564.jpg,5
00565.jpg,8
00566.jpg,7
00567.jpg,0
00568.jpg,3
00569.jpg,9
00570.jpg,8
00571.jpg,2
00572.jpg,5
00573.jpg,1
00574.jpg,6
00575.jpg,8
00576.jpg,1
00577.jpg,6
00578.jpg,3
00579.jpg,1
00580.jpg,6
00581.jpg,6
00582.jpg,5
00583.jpg,5
00584.jpg,3
00585.jpg,8
00586.jpg,8
00587.jpg,8
00588.jpg,2
00589.jpg,8
00590.jpg,4
00591.jpg,0
00592.jpg,9
00593.jpg,4
00594.jpg,2
00595.jpg,5
00596.jpg,5
00597.jpg,3
00598.jpg,9
00599.jpg,2
00600.jpg,7
00601.jpg,0
00602.jpg,1
00603.jpg,1
00604.jpg,9
00605.jpg,5
00606.jpg,2
00607.jpg,5
00608.jpg,5
00609.jpg,7
00610.jpg,5
00611.jpg,6
00612.jpg,5
00613.jpg,4
00614.jpg,4
00615.jpg,5
00616.jpg,6
00617.jpg,2
00618.jpg,2
00619.jpg,1
00620.jpg,2
00621.jpg,3
00622.jpg,7
00623.jpg,2
00624.jpg,9
00625.jpg,2
00626.jpg,5
00627.jpg,0
00628.jpg,3
00629.jpg,7
00630.jpg,8
00631.jpg,6
00632.jpg,0
00633.jpg,5
00634.jpg,4
00635.jpg,0
00636.jpg,7
00637.jpg,5
00638.jpg,4
00639.jpg,4
00640.jpg,1
00641.jpg,4
00642.jpg,6
00643.jpg,7
00644.jpg,8
00645.jpg,1
00646.jpg,6
00647.jpg,1
00648.jpg,3
00649.jpg,8
00650.jpg,8
00651.jpg,9
00652.jpg,6
00653.jpg,5
00654.jpg,6
00655.jpg,6
00656.jpg,4
00657.jpg,7
00658.jpg,5
00659.jpg,0
00660.jpg,4
00661.jpg,0
00662.jpg,3
00663.jpg,2
00664.jpg,5
00665.jpg,8
00666.jpg,1
00667.jpg,1
00668.jpg,8
00669.jpg,2
00670.jpg,5
00671.jpg,9
00672.jpg,9
00673.jpg,8
00674.jpg,3
00675.jpg,2
00676.jpg,7
00677.jpg,7
00678.jpg,4
00679.jpg,0
00680.jpg,1
00681.jpg,7
00682.jpg,2
00683.jpg,5
00684.jpg,0
00685.jpg,5
00686.jpg,1
00687.jpg,8
00688.jpg,2
00689.jpg,3
00690.jpg,2
00691.jpg,8
00692.jpg,3
00693.jpg,8
00694.jpg,9
00695.jpg,6
00696.jpg,1
00697.jpg,3
00698.jpg,3
00699.jpg,1
00700.jpg,9
00701.jpg,1
00702.jpg,9
00703.jpg,4
00704.jpg,7
00705.jpg,9
00706.jpg,2
00707.jpg,6
00708.jpg,3
00709.jpg,1
00710.jpg,0
00711.jpg,3
00712.jpg,8
00713.jpg,4
00714.jpg,3
00715.jpg,9
00716.jpg,4
00717.jpg,8
00718.jpg,2
00719.jpg,7
00720.jpg,7
00721.jpg,8
00722.jpg,1
00723.jpg,1
00724.jpg,6
00725.jpg,0
00726.jpg,3
00727.jpg,3
00728.jpg,5
00729.jpg,9
00730.jpg,3
00731.jpg,6
00732.jpg,0
00733.jpg,1
00734.jpg,3
00735.jpg,3
00736.jpg,5
00737.jpg,5
00738.jpg,2
00739.jpg,1
00740.jpg,5
00741.jpg,2
00742.jpg,3
00743.jpg,7
00744.jpg,6
00745.jpg,6
00746.jpg,2
00747.jpg,1
00748.jpg,3
00749.jpg,9
00750.jpg,4
00751.jpg,1
00752.jpg,5
00753.jpg,7
00754.jpg,4
00755.jpg,9
00756.jpg,8
00757.jpg,8
00758.jpg,1
00759.jpg,2
00760.jpg,7
00761.jpg,0
00762.jpg,6
00763.jpg,2
00764.jpg,0
00765.jpg,9
00766.jpg,0
00767.jpg,7
00768.jpg,4
00769.jpg,1
00770.jpg,2
00771.jpg,9
00772.jpg,3
00773.jpg,4
00774.jpg,3
00775.jpg,8
00776.jpg,3
00777.jpg,4
00778.jpg,3
00779.jpg,2
00780.jpg,8
00781.jpg,1
00782.jpg,9
00783.jpg,9
00784.jpg,9
00785.jpg,0
00786.jpg,6
00787.jpg,3
00788.jpg,4
00789.jpg,7
00790.jpg,3
00791.jpg,5
00792.jpg,6
00793.jpg,0
00794.jpg,3
00795.jpg,0
00796.jpg,6
00797.jpg,4
00798.jpg,5
00799.jpg,9
00800.jpg,7
00801.jpg,1
00802.jpg,4
00803.jpg,7
00804.jpg,1
00805.jpg,2
00806.jpg,3
00807.jpg,8
00808.jpg,6
00809.jpg,7
00810.jpg,0
00811.jpg,1
00812.jpg,0
00813.jpg,7
00814.jpg,1
00815.jpg,1
00816.jpg,9
00817.jpg,9
00818.jpg,9
00819.jpg,3
00820.jpg,8
00821.jpg,1
00822.jpg,7
00823.jpg,3
00824.jpg,8
00825.jpg,6
00826.jpg,3
00827.jpg,7
00828.jpg,4
00829.jpg,9
00830.jpg,9
00831.jpg,3
00832.jpg,3
00833.jpg,5
00834.jpg,8
00835.jpg,2
00836.jpg,5
00837.jpg,7
00838.jpg,3
00839.jpg,9
00840.jpg,9
00841.jpg,6
00842.jpg,7
00843.jpg,8
00844.jpg,2
00845.jpg,8
00846.jpg,2
00847.jpg,4
00848.jpg,7
00849.jpg,7
00850.jpg,3
00851.jpg,3
00852.jpg,4
00853.jpg,7
00854.jpg,6
00855.jpg,8
00856.jpg,5
00857.jpg,9
00858.jpg,2
00859.jpg,0
00860.jpg,2
00861.jpg,8
00862.jpg,1
00863.jpg,6
00864.jpg,9
00865.jpg,6
00866.jpg,7
00867.jpg,6
00868.jpg,3
00869.jpg,3
00870.jpg,4
00871.jpg,3
00872.jpg,4
00873.jpg,2
00874.jpg,1
00875.jpg,4
00876.jpg,2
00877.jpg,5
00878.jpg,8
00879.jpg,3
00880.jpg,6
00881.jpg,1
00882.jpg,9
00883.jpg,5
00884.jpg,0
00885.jpg,6
00886.jpg,1
00887.jpg,1
00888.jpg,7
00889.jpg,4
00890.jpg,2
00891.jpg,1
00892.jpg,7
00893.jpg,1
00894.jpg,0
00895.jpg,0
00896.jpg,1
00897.jpg,2
00898.jpg,9
00899.jpg,4
00900.jpg,5
00901.jpg,3
00902.jpg,0
00903.jpg,9
00904.jpg,2
00905.jpg,3
00906.jpg,6
00907.jpg,1
00908.jpg,6
00909.jpg,1
00910.jpg,7
00911.jpg,7
00912.jpg,3
00913.jpg,6
00914.jpg,1
00915.jpg,6
00916.jpg,1
00917.jpg,0
00918.jpg,4
00919.jpg,7
00920.jpg,4
00921.jpg,1
00922.jpg,0
00923.jpg,7
00924.jpg,7
00925.jpg,9
00926.jpg,6
00927.jpg,2
00928.jpg,0
00929.jpg,3
00930.jpg,0
00931.jpg,1
00932.jpg,2
00933.jpg,4
00934.jpg,9
00935.jpg,5
00936.jpg,9
00937.jpg,3
00938.jpg,3
00939.jpg,0
00940.jpg,3
00941.jpg,4
00942.jpg,6
00943.jpg,5
00944.jpg,0
00945.jpg,6
00946.jpg,0
00947.jpg,6
00948.jpg,3
00949.jpg,4
00950.jpg,4
00951.jpg,4
00952.jpg,3
00953.jpg,2
00954.jpg,3
00955.jpg,5
00956.jpg,5
00957.jpg,8
00958.jpg,1
00959.jpg,7
00960.jpg,8
00961.jpg,2
00962.jpg,1
00963.jpg,3
00964.jpg,5
00965.jpg,3
00966.jpg,7
00967.jpg,4
00968.jpg,6
00969.jpg,3
00970.jpg,4
00971.jpg,1
00972.jpg,2
00973.jpg,4
00974.jpg,2
00975.jpg,4
00976.jpg,4
00977.jpg,4
00978.jpg,1
00979.jpg,5
00980.jpg,3
00981.jpg,3
00982.jpg,7
00983.jpg,9
00984.jpg,7
00985.jpg,4
00986.jpg,1
00987.jpg,7
00988.jpg,9
00989.jpg,4
00990.jpg,2
00991.jpg,4
00992.jpg,7
00993.jpg,0
00994.jpg,9
00995.jpg,6
00996.jpg,2
00997.jpg,5
00998.jpg,2
00999.jpg,1
01000.jpg,4
01001.jpg,3
01002.jpg,0
01003.jpg,6
01004.jpg,2
01005.jpg,9
01006.jpg,2
01007.jpg,8
01008.jpg,7
01009.jpg,6
01010.jpg,1
01011.jpg,1
01012.jpg,7
01013.jpg,5
01014.jpg,0
01015.jpg,1
01016.jpg,0
01017.jpg,6
01018.jpg,7
01019.jpg,8
01020.jpg,7
01021.jpg,6
01022.jpg,4
01023.jpg,0
01024.jpg,4
01025.jpg,3
01026.jpg,0
01027.jpg,7
01028.jpg,7
01029.jpg,8
01030.jpg,2
01031.jpg,5
01032.jpg,5
01033.jpg,9
01034.jpg,2
01035.jpg,5
01036.jpg,9
01037.jpg,3
01038.jpg,7
01039.jpg,3
01040.jpg,3
01041.jpg,2
01042.jpg,9
01043.jpg,7
01044.jpg,6
01045.jpg,2
01046.jpg,3
01047.jpg,0
01048.jpg,2
01049.jpg,2
01050.jpg,6
01051.jpg,2
01052.jpg,7
01053.jpg,5
01054.jpg,6
01055.jpg,4
01056.jpg,6
01057.jpg,7
01058.jpg,0
01059.jpg,8
01060.jpg,6
01061.jpg,3
01062.jpg,3
01063.jpg,2
01064.jpg,5
01065.jpg,9
01066.jpg,4
01067.jpg,0
01068.jpg,7
01069.jpg,0
01070.jpg,4
01071.jpg,5
01072.jpg,7
01073.jpg,3
01074.jpg,9
01075.jpg,1
01076.jpg,7
01077.jpg,6
01078.jpg,0
01079.jpg,7
01080.jpg,5
01081.jpg,3
01082.jpg,5
01083.jpg,2
01084.jpg,8
01085.jpg,9
01086.jpg,8
01087.jpg,6
01088.jpg,5
01089.jpg,0
01090.jpg,5
01091.jpg,1
01092.jpg,1
01093.jpg,4
01094.jpg,5
01095.jpg,3
01096.jpg,9
01097.jpg,1
01098.jpg,4
01099.jpg,3
01100.jpg,1
01101.jpg,3
01102.jpg,2
01103.jpg,8
01104.jpg,9
01105.jpg,4
01106.jpg,2
01107.jpg,7
01108.jpg,9
01109.jpg,3
01110.jpg,2
01111.jpg,4
01112.jpg,8
01113.jpg,0
01114.jpg,7
01115.jpg,7
01116.jpg,6
01117.jpg,2
01118.jpg,2
01119.jpg,7
01120.jpg,4
01121.jpg,6
01122.jpg,3
01123.jpg,8
01124.jpg,5
01125.jpg,9
01126.jpg,0
01127.jpg,7
01128.jpg,8
01129.jpg,4
01130.jpg,9
01131.jpg,3
01132.jpg,5
01133.jpg,4
01134.jpg,0
01135.jpg,8
01136.jpg,9
01137.jpg,6
01138.jpg,6
01139.jpg,7
01140.jpg,4
01141.jpg,2
01142.jpg,7
01143.jpg,5
01144.jpg,4
01145.jpg,7
01146.jpg,4
01147.jpg,3
01148.jpg,3
01149.jpg,7
01150.jpg,1
01151.jpg,2
01152.jpg,7
01153.jpg,0
01154.jpg,8
01155.jpg,3
01156.jpg,0
01157.jpg,2
01158.jpg,3
01159.jpg,8
01160.jpg,4
01161.jpg,7
01162.jpg,5
01163.jpg,5
01164.jpg,5
01165.jpg,0
01166.jpg,7
01167.jpg,7
01168.jpg,6
01169.jpg,5
01170.jpg,0
01171.jpg,4
01172.jpg,9
01173.jpg,1
01174.jpg,2
01175.jpg,4
01176.jpg,3
01177.jpg,7
01178.jpg,9
01179.jpg,3
01180.jpg,4
01181.jpg,1
01182.jpg,7
01183.jpg,1
01184.jpg,4
01185.jpg,3
01186.jpg,2
01187.jpg,4
01188.jpg,9
01189.jpg,5
01190.jpg,7
01191.jpg,9
01192.jpg,5
01193.jpg,4
01194.jpg,8
01195.jpg,4
01196.jpg,0
01197.jpg,4
01198.jpg,6
01199.jpg,3
01200.jpg,0
01201.jpg,3
01202.jpg,0
01203.jpg,9
01204.jpg,8
01205.jpg,5
01206.jpg,3
01207.jpg,4
01208.jpg,4
01209.jpg,1
01210.jpg,8
01211.jpg,6
01212.jpg,0
01213.jpg,4
01214.jpg,6
01215.jpg,3
01216.jpg,4
01217.jpg,9
01218.jpg,8
01219.jpg,3
01220.jpg,3
01221.jpg,3
01222.jpg,3
01223.jpg,3
01224.jpg,9
01225.jpg,6
01226.jpg,3
01227.jpg,9
01228.jpg,2
01229.jpg,0
01230.jpg,4
01231.jpg,1
01232.jpg,3
01233.jpg,5
01234.jpg,8
01235.jpg,7
01236.jpg,1
01237.jpg,9
01238.jpg,0
01239.jpg,1
01240.jpg,1
01241.jpg,5
01242.jpg,6
01243.jpg,9
01244.jpg,6
01245.jpg,6
01246.jpg,6
01247.jpg,2
01248.jpg,6
01249.jpg,4
01250.jpg,9
01251.jpg,4
01252.jpg,6
01253.jpg,3
01254.jpg,6
01255.jpg,9
01256.jpg,4
01257.jpg,0
01258.jpg,9
01259.jpg,9
01260.jpg,5
01261.jpg,1
01262.jpg,8
01263.jpg,7
01264.jpg,6
01265.jpg,5
01266.jpg,7
01267.jpg,0
01268.jpg,4
01269.jpg,5
01270.jpg,6
01271.jpg,1
01272.jpg,8
01273.jpg,8
01274.jpg,9
01275.jpg,1
01276.jpg,2
01277.jpg,1
01278.jpg,6
01279.jpg,1
01280.jpg,1
01281.jpg,1
01282.jpg,6
01283.jpg,2
01284.jpg,9
01285.jpg,9
01286.jpg,5
01287.jpg,3
01288.jpg,6
01289.jpg,1
01290.jpg,4
01291.jpg,6
01292.jpg,4
01293.jpg,9
01294.jpg,6
01295.jpg,5
01296.jpg,8
01297.jpg,5
01298.jpg,7
01299.jpg,7
01300.jpg,0
01301.jpg,3
01302.jpg,4
01303.jpg,7
01304.jpg,3
01305.jpg,1
01306.jpg,8
01307.jpg,4
01308.jpg,2
01309.jpg,1
01310.jpg,1
01311.jpg,0
01312.jpg,4
01313.jpg,8
01314.jpg,0
01315.jpg,9
01316.jpg,0
01317.jpg,4
01318.jpg,3
01319.jpg,6
01320.jpg,1
01321.jpg,2
01322.jpg,9
01323.jpg,9
01324.jpg,6
01325.jpg,2
01326.jpg,0
01327.jpg,1
01328.jpg,0
01329.jpg,1
01330.jpg,4
01331.jpg,7
01332.jpg,3
01333.jpg,4
01334.jpg,2
01335.jpg,3
01336.jpg,3
01337.jpg,1
01338.jpg,4
01339.jpg,9
01340.jpg,5
01341.jpg,2
01342.jpg,1
01343.jpg,2
01344.jpg,4
01345.jpg,9
01346.jpg,5
01347.jpg,3
01348.jpg,2
01349.jpg,2
01350.jpg,9
01351.jpg,3
01352.jpg,3
01353.jpg,2
01354.jpg,4
01355.jpg,4
01356.jpg,9
01357.jpg,7
01358.jpg,7
01359.jpg,3
01360.jpg,4
01361.jpg,4
01362.jpg,2
01363.jpg,9
01364.jpg,4
01365.jpg,0
01366.jpg,3
01367.jpg,0
01368.jpg,2
01369.jpg,6
01370.jpg,2
01371.jpg,9
01372.jpg,6
01373.jpg,8
01374.jpg,9
01375.jpg,8
01376.jpg,4
01377.jpg,6
01378.jpg,9
01379.jpg,0
01380.jpg,1
01381.jpg,8
01382.jpg,3
01383.jpg,4
01384.jpg,6
01385.jpg,4
01386.jpg,5
01387.jpg,4
01388.jpg,7
01389.jpg,6
01390.jpg,1
01391.jpg,6
01392.jpg,6
01393.jpg,3
01394.jpg,3
01395.jpg,4
01396.jpg,7
01397.jpg,0
01398.jpg,8
01399.jpg,7
01400.jpg,1
01401.jpg,9
01402.jpg,5
01403.jpg,2
01404.jpg,2
01405.jpg,9
01406.jpg,9
01407.jpg,1
01408.jpg,4
01409.jpg,0
01410.jpg,2
01411.jpg,0
01412.jpg,5
01413.jpg,7
01414.jpg,6
01415.jpg,8
01416.jpg,4
01417.jpg,7
01418.jpg,5
01419.jpg,4
01420.jpg,8
01421.jpg,1
01422.jpg,0
01423.jpg,4
01424.jpg,3
01425.jpg,6
01426.jpg,0
01427.jpg,6
01428.jpg,3
01429.jpg,5
01430.jpg,6
01431.jpg,3
01432.jpg,9
01433.jpg,9
01434.jpg,9
01435.jpg,3
01436.jpg,4
01437.jpg,5
01438.jpg,7
01439.jpg,8
01440.jpg,9
01441.jpg,8
01442.jpg,8
01443.jpg,9
01444.jpg,6
01445.jpg,2
01446.jpg,1
01447.jpg,2
01448.jpg,8
01449.jpg,3
01450.jpg,1
01451.jpg,8
01452.jpg,3
01453.jpg,3
01454.jpg,6
01455.jpg,2
01456.jpg,5
01457.jpg,0
01458.jpg,3
01459.jpg,0
01460.jpg,5
01461.jpg,7
01462.jpg,7
01463.jpg,8
01464.jpg,7
01465.jpg,6
01466.jpg,7
01467.jpg,5
01468.jpg,4
01469.jpg,8
01470.jpg,4
01471.jpg,9
01472.jpg,7
01473.jpg,7
01474.jpg,7
01475.jpg,9
01476.jpg,8
01477.jpg,6
01478.jpg,6
01479.jpg,5
01480.jpg,0
01481.jpg,6
01482.jpg,7
01483.jpg,2
01484.jpg,3
01485.jpg,6
01486.jpg,4
01487.jpg,7
01488.jpg,2
01489.jpg,1
01490.jpg,3
01491.jpg,1
01492.jpg,1
01493.jpg,4
01494.jpg,2
01495.jpg,9
01496.jpg,9
01497.jpg,8
01498.jpg,9
01499.jpg,9
01500.jpg,3
01501.jpg,5
01502.jpg,9
01503.jpg,9
01504.jpg,8
01505.jpg,1
01506.jpg,8
01507.jpg,6
01508.jpg,6
01509.jpg,1
01510.jpg,7
01511.jpg,8
01512.jpg,1
01513.jpg,4
01514.jpg,6
01515.jpg,8
01516.jpg,5
01517.jpg,2
01518.jpg,5
01519.jpg,6
01520.jpg,3
01521.jpg,4
01522.jpg,2
01523.jpg,5
01524.jpg,2
01525.jpg,1
01526.jpg,7
01527.jpg,0
01528.jpg,2
01529.jpg,5
01530.jpg,2
01531.jpg,6
01532.jpg,1
01533.jpg,7
01534.jpg,1
01535.jpg,1
01536.jpg,2
01537.jpg,9
01538.jpg,7
01539.jpg,1
01540.jpg,4
01541.jpg,6
01542.jpg,2
01543.jpg,6
01544.jpg,7
01545.jpg,0
01546.jpg,6
01547.jpg,6
01548.jpg,6
01549.jpg,4
01550.jpg,3
01551.jpg,1
01552.jpg,4
01553.jpg,4
01554.jpg,6
01555.jpg,0
01556.jpg,6
01557.jpg,3
01558.jpg,7
01559.jpg,3
01560.jpg,7
01561.jpg,2
01562.jpg,0
01563.jpg,6
01564.jpg,3
01565.jpg,9
01566.jpg,3
01567.jpg,9
01568.jpg,7
01569.jpg,3
01570.jpg,0
01571.jpg,3
01572.jpg,6
01573.jpg,7
01574.jpg,3
01575.jpg,9
01576.jpg,7
01577.jpg,3
01578.jpg,1
01579.jpg,8
01580.jpg,0
01581.jpg,0
01582.jpg,6
01583.jpg,9
01584.jpg,9
01585.jpg,7
01586.jpg,3
01587.jpg,7
01588.jpg,4
01589.jpg,6
01590.jpg,0
01591.jpg,9
01592.jpg,9
01593.jpg,3
01594.jpg,9
01595.jpg,3
01596.jpg,5
01597.jpg,3
01598.jpg,7
01599.jpg,3
01600.jpg,8
01601.jpg,5
01602.jpg,4
01603.jpg,7
01604.jpg,4
01605.jpg,0
01606.jpg,3
01607.jpg,2
01608.jpg,8
01609.jpg,3
01610.jpg,1
01611.jpg,7
01612.jpg,0
01613.jpg,7
01614.jpg,7
01615.jpg,7
01616.jpg,4
01617.jpg,3
01618.jpg,7
01619.jpg,5
01620.jpg,0
01621.jpg,3
01622.jpg,6
01623.jpg,3
01624.jpg,4
01625.jpg,0
01626.jpg,4
01627.jpg,8
01628.jpg,7
01629.jpg,6
01630.jpg,8
01631.jpg,4
01632.jpg,0
01633.jpg,0
01634.jpg,6
01635.jpg,1
01636.jpg,5
01637.jpg,5
01638.jpg,4
01639.jpg,1
01640.jpg,3
01641.jpg,0
01642.jpg,1
01643.jpg,8
01644.jpg,6
01645.jpg,3
01646.jpg,9
01647.jpg,3
01648.jpg,6
01649.jpg,2
01650.jpg,1
01651.jpg,6
01652.jpg,9
01653.jpg,8
01654.jpg,1
01655.jpg,1
01656.jpg,5
01657.jpg,6
01658.jpg,2
01659.jpg,7
01660.jpg,3
01661.jpg,7
01662.jpg,3
01663.jpg,4
01664.jpg,7
01665.jpg,1
01666.jpg,0
01667.jpg,3
01668.jpg,9
01669.jpg,4
01670.jpg,1
01671.jpg,3
01672.jpg,1
01673.jpg,3
01674.jpg,8
01675.jpg,5
01676.jpg,7
01677.jpg,3
01678.jpg,3
01679.jpg,5
01680.jpg,3
01681.jpg,4
01682.jpg,8
01683.jpg,7
01684.jpg,5
01685.jpg,4
01686.jpg,3
01687.jpg,1
01688.jpg,5
01689.jpg,2
01690.jpg,0
01691.jpg,5
01692.jpg,7
01693.jpg,7
01694.jpg,8
01695.jpg,1
01696.jpg,4
01697.jpg,7
01698.jpg,9
01699.jpg,3
01700.jpg,1
01701.jpg,1
01702.jpg,7
01703.jpg,4
01704.jpg,3
01705.jpg,4
01706.jpg,9
01707.jpg,0
01708.jpg,9
01709.jpg,3
01710.jpg,3
01711.jpg,0
01712.jpg,0
01713.jpg,9
01714.jpg,2
01715.jpg,5
01716.jpg,3
01717.jpg,9
01718.jpg,3
01719.jpg,3
01720.jpg,0
01721.jpg,0
01722.jpg,6
01723.jpg,9
01724.jpg,4
01725.jpg,4
01726.jpg,2
01727.jpg,6
01728.jpg,1
01729.jpg,1
01730.jpg,0
01731.jpg,0
01732.jpg,3
01733.jpg,2
01734.jpg,7
01735.jpg,4
01736.jpg,3
01737.jpg,9
01738.jpg,0
01739.jpg,8
01740.jpg,5
01741.jpg,9
01742.jpg,6
01743.jpg,4
01744.jpg,3
01745.jpg,8
01746.jpg,0
01747.jpg,8
01748.jpg,0
01749.jpg,4
01750.jpg,2
01751.jpg,0
01752.jpg,0
01753.jpg,6
01754.jpg,4
01755.jpg,1
01756.jpg,2
01757.jpg,2
01758.jpg,0
01759.jpg,4
01760.jpg,3
01761.jpg,1
01762.jpg,3
01763.jpg,9
01764.jpg,3
01765.jpg,0
01766.jpg,4
01767.jpg,3
01768.jpg,6
01769.jpg,1
01770.jpg,0
01771.jpg,7
01772.jpg,5
01773.jpg,9
01774.jpg,5
01775.jpg,0
01776.jpg,7
01777.jpg,5
01778.jpg,0
01779.jpg,5
01780.jpg,2
01781.jpg,7
01782.jpg,1
01783.jpg,9
01784.jpg,3
01785.jpg,5
01786.jpg,3
01787.jpg,4
01788.jpg,7
01789.jpg,0
01790.jpg,0
01791.jpg,9
01792.jpg,2
01793.jpg,6
01794.jpg,3
01795.jpg,3
01796.jpg,8
01797.jpg,1
01798.jpg,3
01799.jpg,2
01800.jpg,0
01801.jpg,2
01802.jpg,2
01803.jpg,1
01804.jpg,0
01805.jpg,5
01806.jpg,8
01807.jpg,9
01808.jpg,3
01809.jpg,9
01810.jpg,9
01811.jpg,7
01812.jpg,6
01813.jpg,3
01814.jpg,8
01815.jpg,2
01816.jpg,4
01817.jpg,2
01818.jpg,9
01819.jpg,8
01820.jpg,9
01821.jpg,5
01822.jpg,2
01823.jpg,8
01824.jpg,6
01825.jpg,8
01826.jpg,2
01827.jpg,4
01828.jpg,9
01829.jpg,2
01830.jpg,2
01831.jpg,2
01832.jpg,0
01833.jpg,1
01834.jpg,7
01835.jpg,2
01836.jpg,8
01837.jpg,9
01838.jpg,6
01839.jpg,7
01840.jpg,6
01841.jpg,2
01842.jpg,5
01843.jpg,4
01844.jpg,9
01845.jpg,4
01846.jpg,7
01847.jpg,8
01848.jpg,2
01849.jpg,2
01850.jpg,8
01851.jpg,4
01852.jpg,9
01853.jpg,6
01854.jpg,7
01855.jpg,0
01856.jpg,1
01857.jpg,7
01858.jpg,7
01859.jpg,2
01860.jpg,3
01861.jpg,7
01862.jpg,8
01863.jpg,9
01864.jpg,5
01865.jpg,4
01866.jpg,3
01867.jpg,1
01868.jpg,4
01869.jpg,0
01870.jpg,5
01871.jpg,8
01872.jpg,1
01873.jpg,3
01874.jpg,3
01875.jpg,9
01876.jpg,7
01877.jpg,9
01878.jpg,2
01879.jpg,3
01880.jpg,8
01881.jpg,6
01882.jpg,8
01883.jpg,6
01884.jpg,9
01885.jpg,8
01886.jpg,7
01887.jpg,4
01888.jpg,7
01889.jpg,1
01890.jpg,9
01891.jpg,1
01892.jpg,9
01893.jpg,3
01894.jpg,7
01895.jpg,5
01896.jpg,5
01897.jpg,1
01898.jpg,8
01899.jpg,9
01900.jpg,3
01901.jpg,0
01902.jpg,3
01903.jpg,8
01904.jpg,2
01905.jpg,1
01906.jpg,3
01907.jpg,6
01908.jpg,4
01909.jpg,0
01910.jpg,2
01911.jpg,3
01912.jpg,9
01913.jpg,5
01914.jpg,6
01915.jpg,1
01916.jpg,4
01917.jpg,3
01918.jpg,9
01919.jpg,9
01920.jpg,2
01921.jpg,0
01922.jpg,1
01923.jpg,1
01924.jpg,2
01925.jpg,9
01926.jpg,2
01927.jpg,0
01928.jpg,7
01929.jpg,3
01930.jpg,6
01931.jpg,0
01932.jpg,8
01933.jpg,7
01934.jpg,9
01935.jpg,6
01936.jpg,2
01937.jpg,9
01938.jpg,8
01939.jpg,1
01940.jpg,7
01941.jpg,7
01942.jpg,7
01943.jpg,5
01944.jpg,7
01945.jpg,8
01946.jpg,4
01947.jpg,9
01948.jpg,7
01949.jpg,9
01950.jpg,8
01951.jpg,4
01952.jpg,7
01953.jpg,2
01954.jpg,7
01955.jpg,5
01956.jpg,3
01957.jpg,7
01958.jpg,3
01959.jpg,0
01960.jpg,8
01961.jpg,2
01962.jpg,4
01963.jpg,7
01964.jpg,0
01965.jpg,3
01966.jpg,0
01967.jpg,0
01968.jpg,1
01969.jpg,2
01970.jpg,5
01971.jpg,9
01972.jpg,4
01973.jpg,0
01974.jpg,9
01975.jpg,8
01976.jpg,7
01977.jpg,9
01978.jpg,5
01979.jpg,9
01980.jpg,9
01981.jpg,4
01982.jpg,3
01983.jpg,4
01984.jpg,0
01985.jpg,0
01986.jpg,4
01987.jpg,9
01988.jpg,5
01989.jpg,8
01990.jpg,0
01991.jpg,2
01992.jpg,2
01993.jpg,1
01994.jpg,7
01995.jpg,8
01996.jpg,3
01997.jpg,2
01998.jpg,9
01999.jpg,4
02000.jpg,7
02001.jpg,2
02002.jpg,1
02003.jpg,4
02004.jpg,3
02005.jpg,4
02006.jpg,6
02007.jpg,8
02008.jpg,9
02009.jpg,0
02010.jpg,3
02011.jpg,8
02012.jpg,3
02013.jpg,8
02014.jpg,3
02015.jpg,6
02016.jpg,7
02017.jpg,4
02018.jpg,8
02019.jpg,0
02020.jpg,8
02021.jpg,6
02022.jpg,0
02023.jpg,0
02024.jpg,1
02025.jpg,0
02026.jpg,7
02027.jpg,1
02028.jpg,3
02029.jpg,1
02030.jpg,4
02031.jpg,5
02032.jpg,8
02033.jpg,3
02034.jpg,7
02035.jpg,5
02036.jpg,2
02037.jpg,8
02038.jpg,6
02039.jpg,2
02040.jpg,2
02041.jpg,4
02042.jpg,5
02043.jpg,5
02044.jpg,7
02045.jpg,2
02046.jpg,5
02047.jpg,5
02048.jpg,8
02049.jpg,9
02050.jpg,9
02051.jpg,7
02052.jpg,6
02053.jpg,1
02054.jpg,2
02055.jpg,6
02056.jpg,9
02057.jpg,4
02058.jpg,9
02059.jpg,7
02060.jpg,8
02061.jpg,1
02062.jpg,6
02063.jpg,2
02064.jpg,8
02065.jpg,6
02066.jpg,6
02067.jpg,5
02068.jpg,7
02069.jpg,8
02070.jpg,6
02071.jpg,0
02072.jpg,3
02073.jpg,3
02074.jpg,7
02075.jpg,1
02076.jpg,0
02077.jpg,0
02078.jpg,9
02079.jpg,6
02080.jpg,3
02081.jpg,4
02082.jpg,0
02083.jpg,9
02084.jpg,9
02085.jpg,2
02086.jpg,3
02087.jpg,5
02088.jpg,7
02089.jpg,0
02090.jpg,1
02091.jpg,7
02092.jpg,2
02093.jpg,2
02094.jpg,0
02095.jpg,2
02096.jpg,5
02097.jpg,8
02098.jpg,6
02099.jpg,8
02100.jpg,3
02101.jpg,7
02102.jpg,0
02103.jpg,3
02104.jpg,4
02105.jpg,0
02106.jpg,3
02107.jpg,0
02108.jpg,7
02109.jpg,9
02110.jpg,9
02111.jpg,3
02112.jpg,5
02113.jpg,5
02114.jpg,7
02115.jpg,6
02116.jpg,3
02117.jpg,1
02118.jpg,3
02119.jpg,1
02120.jpg,7
02121.jpg,2
02122.jpg,1
02123.jpg,8
02124.jpg,8
02125.jpg,0
02126.jpg,8
02127.jpg,4
02128.jpg,3
02129.jpg,9
02130.jpg,3
02131.jpg,5
02132.jpg,9
02133.jpg,7
02134.jpg,2
02135.jpg,8
02136.jpg,9
02137.jpg,3
02138.jpg,7
02139.jpg,5
02140.jpg,8
02141.jpg,3
02142.jpg,3
02143.jpg,4
02144.jpg,7
02145.jpg,7
02146.jpg,5
02147.jpg,5
02148.jpg,2
02149.jpg,2
02150.jpg,3
02151.jpg,7
02152.jpg,3
02153.jpg,2
02154.jpg,4
02155.jpg,1
02156.jpg,8
02157.jpg,5
02158.jpg,8
02159.jpg,9
02160.jpg,1
02161.jpg,9
02162.jpg,2
02163.jpg,4
02164.jpg,9
02165.jpg,3
02166.jpg,3
02167.jpg,4
02168.jpg,6
02169.jpg,1
02170.jpg,3
02171.jpg,0
02172.jpg,5
02173.jpg,1
02174.jpg,8
02175.jpg,2
02176.jpg,9
02177.jpg,6
02178.jpg,6
02179.jpg,0
02180.jpg,3
02181.jpg,3
02182.jpg,5
02183.jpg,4
02184.jpg,0
02185.jpg,4
02186.jpg,3
02187.jpg,7
02188.jpg,2
02189.jpg,1
02190.jpg,2
02191.jpg,9
02192.jpg,6
02193.jpg,5
02194.jpg,9
02195.jpg,4
02196.jpg,3
02197.jpg,3
02198.jpg,2
02199.jpg,5
02200.jpg,6
02201.jpg,9
02202.jpg,7
02203.jpg,7
02204.jpg,1
02205.jpg,6
02206.jpg,3
02207.jpg,4
02208.jpg,0
02209.jpg,3
02210.jpg,4
02211.jpg,1
02212.jpg,1
02213.jpg,0
02214.jpg,3
02215.jpg,6
02216.jpg,3
02217.jpg,6
02218.jpg,3
02219.jpg,7
02220.jpg,7
02221.jpg,0
02222.jpg,4
02223.jpg,4
02224.jpg,9
02225.jpg,9
02226.jpg,8
02227.jpg,7
02228.jpg,0
02229.jpg,1
02230.jpg,4
02231.jpg,5
02232.jpg,2
02233.jpg,2
02234.jpg,6
02235.jpg,1
02236.jpg,0
02237.jpg,6
02238.jpg,1
02239.jpg,3
02240.jpg,4
02241.jpg,2
02242.jpg,7
02243.jpg,5
02244.jpg,1
02245.jpg,6
02246.jpg,4
02247.jpg,2
02248.jpg,5
02249.jpg,6
02250.jpg,2
02251.jpg,5
02252.jpg,8
02253.jpg,3
02254.jpg,0
02255.jpg,0
02256.jpg,0
02257.jpg,7
02258.jpg,0
02259.jpg,1
02260.jpg,3
02261.jpg,5
02262.jpg,2
02263.jpg,9
02264.jpg,9
02265.jpg,6
02266.jpg,4
02267.jpg,3
02268.jpg,1
02269.jpg,3
02270.jpg,9
02271.jpg,5
02272.jpg,1
02273.jpg,7
02274.jpg,5
02275.jpg,2
02276.jpg,3
02277.jpg,3
02278.jpg,1
02279.jpg,0
02280.jpg,7
02281.jpg,7
02282.jpg,5
02283.jpg,1
02284.jpg,3
02285.jpg,5
02286.jpg,4
02287.jpg,0
02288.jpg,0
02289.jpg,2
02290.jpg,3
02291.jpg,2
02292.jpg,2
02293.jpg,0
02294.jpg,2
02295.jpg,4
02296.jpg,2
02297.jpg,1
02298.jpg,7
02299.jpg,0
02300.jpg,7
02301.jpg,9
02302.jpg,3
02303.jpg,9
02304.jpg,9
02305.jpg,7
02306.jpg,3
02307.jpg,9
02308.jpg,7
02309.jpg,4
02310.jpg,4
02311.jpg,9
02312.jpg,7
02313.jpg,4
02314.jpg,9
02315.jpg,3
02316.jpg,4
02317.jpg,6
02318.jpg,6
02319.jpg,6
02320.jpg,2
02321.jpg,9
02322.jpg,4
02323.jpg,6
02324.jpg,0
02325.jpg,6
02326.jpg,2
02327.jpg,2
02328.jpg,7
02329.jpg,9
02330.jpg,0
02331.jpg,7
02332.jpg,0
02333.jpg,4
02334.jpg,5
02335.jpg,2
02336.jpg,4
02337.jpg,3
02338.jpg,2
02339.jpg,3
02340.jpg,9
02341.jpg,4
02342.jpg,1
02343.jpg,0
02344.jpg,0
02345.jpg,3
02346.jpg,6
02347.jpg,8
02348.jpg,3
02349.jpg,4
02350.jpg,5
02351.jpg,9
02352.jpg,4
02353.jpg,5
02354.jpg,3
02355.jpg,3
02356.jpg,5
02357.jpg,2
02358.jpg,9
02359.jpg,6
02360.jpg,7
02361.jpg,1
02362.jpg,4
02363.jpg,8
02364.jpg,1
02365.jpg,6
02366.jpg,3
02367.jpg,7
02368.jpg,8
02369.jpg,9
02370.jpg,1
02371.jpg,1
02372.jpg,0
02373.jpg,7
02374.jpg,3
02375.jpg,9
02376.jpg,3
02377.jpg,1
02378.jpg,5
02379.jpg,0
02380.jpg,3
02381.jpg,7
02382.jpg,8
02383.jpg,9
02384.jpg,0
02385.jpg,1
02386.jpg,6
02387.jpg,2
02388.jpg,4
02389.jpg,3
02390.jpg,7
02391.jpg,6
02392.jpg,2
02393.jpg,8
02394.jpg,0
02395.jpg,1
02396.jpg,2
02397.jpg,1
02398.jpg,3
02399.jpg,7
02400.jpg,3
02401.jpg,1
02402.jpg,3
02403.jpg,9
02404.jpg,1
02405.jpg,6
02406.jpg,1
02407.jpg,0
02408.jpg,0
02409.jpg,3
02410.jpg,0
02411.jpg,3
02412.jpg,3
02413.jpg,9
02414.jpg,2
02415.jpg,3
02416.jpg,6
02417.jpg,2
02418.jpg,4
02419.jpg,2
02420.jpg,3
02421.jpg,6
02422.jpg,5
02423.jpg,6
02424.jpg,7
02425.jpg,2
02426.jpg,4
02427.jpg,9
02428.jpg,6
02429.jpg,3
02430.jpg,5
02431.jpg,3
02432.jpg,0
02433.jpg,0
02434.jpg,4
02435.jpg,3
02436.jpg,0
02437.jpg,5
02438.jpg,2
02439.jpg,4
02440.jpg,1
02441.jpg,3
02442.jpg,4
02443.jpg,1
02444.jpg,8
02445.jpg,6
02446.jpg,1
02447.jpg,2
02448.jpg,4
02449.jpg,0
02450.jpg,7
02451.jpg,7
02452.jpg,5
02453.jpg,6
02454.jpg,0
02455.jpg,6
02456.jpg,2
02457.jpg,0
02458.jpg,2
02459.jpg,2
02460.jpg,2
02461.jpg,6
02462.jpg,7
02463.jpg,0
02464.jpg,6
02465.jpg,6
02466.jpg,3
02467.jpg,1
02468.jpg,8
02469.jpg,9
02470.jpg,1
02471.jpg,3
02472.jpg,4
02473.jpg,8
02474.jpg,1
02475.jpg,0
02476.jpg,3
02477.jpg,0
02478.jpg,9
02479.jpg,5
02480.jpg,5
02481.jpg,9
02482.jpg,2
02483.jpg,1
02484.jpg,0
02485.jpg,7
02486.jpg,2
02487.jpg,7
02488.jpg,0
02489.jpg,6
02490.jpg,4
02491.jpg,3
02492.jpg,7
02493.jpg,1
02494.jpg,3
02495.jpg,1
02496.jpg,0
02497.jpg,3
02498.jpg,0
02499.jpg,1
02500.jpg,1
02501.jpg,3
02502.jpg,0
02503.jpg,0
02504.jpg,2
02505.jpg,9
02506.jpg,1
02507.jpg,2
02508.jpg,3
02509.jpg,9
02510.jpg,5
02511.jpg,1
02512.jpg,4
02513.jpg,6
02514.jpg,2
02515.jpg,6
02516.jpg,5
02517.jpg,3
02518.jpg,8
02519.jpg,6
02520.jpg,1
02521.jpg,0
02522.jpg,2
02523.jpg,2
02524.jpg,7
02525.jpg,2
02526.jpg,7
02527.jpg,9
02528.jpg,1
02529.jpg,7
02530.jpg,6
02531.jpg,9
02532.jpg,5
02533.jpg,0
02534.jpg,4
02535.jpg,5
02536.jpg,1
02537.jpg,0
02538.jpg,4
02539.jpg,5
02540.jpg,3
02541.jpg,4
02542.jpg,3
02543.jpg,1
02544.jpg,3
02545.jpg,5
02546.jpg,0
02547.jpg,3
02548.jpg,6
02549.jpg,5
02550.jpg,1
02551.jpg,4
02552.jpg,5
02553.jpg,8
02554.jpg,9
02555.jpg,1
02556.jpg,3
02557.jpg,5
02558.jpg,6
02559.jpg,3
02560.jpg,0
02561.jpg,9
02562.jpg,7
02563.jpg,3
02564.jpg,4
02565.jpg,4
02566.jpg,3
02567.jpg,8
02568.jpg,2
02569.jpg,5
02570.jpg,2
02571.jpg,3
02572.jpg,6
02573.jpg,0
02574.jpg,7
02575.jpg,0
02576.jpg,1
02577.jpg,2
02578.jpg,2
02579.jpg,3
02580.jpg,4
02581.jpg,9
02582.jpg,0
02583.jpg,9
02584.jpg,0
02585.jpg,4
02586.jpg,5
02587.jpg,3
02588.jpg,2
02589.jpg,0
02590.jpg,6
02591.jpg,9
02592.jpg,6
02593.jpg,6
02594.jpg,7
02595.jpg,4
02596.jpg,0
02597.jpg,8
02598.jpg,6
02599.jpg,3
02600.jpg,4
02601.jpg,3
02602.jpg,7
02603.jpg,3
02604.jpg,8
02605.jpg,9
02606.jpg,3
02607.jpg,4
02608.jpg,9
02609.jpg,0
02610.jpg,6
02611.jpg,5
02612.jpg,9
02613.jpg,4
02614.jpg,9
02615.jpg,9
02616.jpg,2
02617.jpg,5
02618.jpg,9
02619.jpg,5
02620.jpg,3
02621.jpg,6
02622.jpg,4
02623.jpg,9
02624.jpg,1
02625.jpg,1
02626.jpg,7
02627.jpg,3
02628.jpg,0
02629.jpg,2
02630.jpg,6
02631.jpg,6
02632.jpg,5
02633.jpg,4
02634.jpg,7
02635.jpg,2
02636.jpg,9
02637.jpg,9
02638.jpg,9
02639.jpg,6
02640.jpg,8
02641.jpg,3
02642.jpg,8
02643.jpg,7
02644.jpg,9
02645.jpg,3
02646.jpg,7
02647.jpg,4
02648.jpg,6
02649.jpg,8
02650.jpg,0
02651.jpg,7
02652.jpg,4
02653.jpg,7
02654.jpg,3
02655.jpg,2
02656.jpg,7
02657.jpg,2
02658.jpg,0
02659.jpg,5
02660.jpg,4
02661.jpg,7
02662.jpg,7
02663.jpg,3
02664.jpg,6
02665.jpg,9
02666.jpg,3
02667.jpg,0
02668.jpg,9
02669.jpg,7
02670.jpg,9
02671.jpg,1
02672.jpg,4
02673.jpg,2
02674.jpg,9
02675.jpg,2
02676.jpg,8
02677.jpg,4
02678.jpg,4
02679.jpg,1
02680.jpg,5
02681.jpg,7
02682.jpg,3
02683.jpg,8
02684.jpg,7
02685.jpg,4
02686.jpg,6
02687.jpg,4
02688.jpg,0
02689.jpg,7
02690.jpg,9
02691.jpg,5
02692.jpg,4
02693.jpg,0
02694.jpg,0
02695.jpg,2
02696.jpg,5
02697.jpg,3
02698.jpg,1
02699.jpg,3
02700.jpg,2
02701.jpg,3
02702.jpg,1
02703.jpg,8
02704.jpg,8
02705.jpg,9
02706.jpg,2
02707.jpg,2
02708.jpg,8
02709.jpg,7
02710.jpg,3
02711.jpg,3
02712.jpg,3
02713.jpg,0
02714.jpg,1
02715.jpg,8
02716.jpg,7
02717.jpg,5
02718.jpg,4
02719.jpg,0
02720.jpg,7
02721.jpg,1
02722.jpg,4
02723.jpg,7
02724.jpg,1
02725.jpg,7
02726.jpg,9
02727.jpg,3
02728.jpg,6
02729.jpg,6
02730.jpg,2
02731.jpg,7
02732.jpg,0
02733.jpg,5
02734.jpg,3
02735.jpg,4
02736.jpg,0
02737.jpg,1
02738.jpg,9
02739.jpg,3
02740.jpg,8
02741.jpg,5
02742.jpg,6
02743.jpg,7
02744.jpg,4
02745.jpg,2
02746.jpg,4
02747.jpg,2
02748.jpg,3
02749.jpg,0
02750.jpg,1
02751.jpg,9
02752.jpg,8
02753.jpg,1
02754.jpg,3
02755.jpg,8
02756.jpg,6
02757.jpg,4
02758.jpg,9
02759.jpg,1
02760.jpg,6
02761.jpg,0
02762.jpg,5
02763.jpg,0
02764.jpg,6
02765.jpg,1
02766.jpg,6
02767.jpg,8
02768.jpg,3
02769.jpg,1
02770.jpg,3
02771.jpg,4
02772.jpg,4
02773.jpg,5
02774.jpg,0
02775.jpg,7
02776.jpg,8
02777.jpg,3
02778.jpg,6
02779.jpg,9
02780.jpg,6
02781.jpg,3
02782.jpg,9
02783.jpg,2
02784.jpg,8
02785.jpg,4
02786.jpg,1
02787.jpg,1
02788.jpg,6
02789.jpg,4
02790.jpg,2
02791.jpg,0
02792.jpg,4
02793.jpg,6
02794.jpg,3
02795.jpg,8
02796.jpg,8
02797.jpg,2
02798.jpg,8
02799.jpg,1
02800.jpg,7
02801.jpg,0
02802.jpg,3
02803.jpg,1
02804.jpg,7
02805.jpg,1
02806.jpg,4
02807.jpg,5
02808.jpg,3
02809.jpg,8
02810.jpg,7
02811.jpg,7
02812.jpg,2
02813.jpg,2
02814.jpg,9
02815.jpg,7
02816.jpg,0
02817.jpg,3
02818.jpg,5
02819.jpg,2
02820.jpg,0
02821.jpg,9
02822.jpg,2
02823.jpg,7
02824.jpg,9
02825.jpg,9
02826.jpg,0
02827.jpg,5
02828.jpg,3
02829.jpg,8
02830.jpg,3
02831.jpg,9
02832.jpg,3
02833.jpg,7
02834.jpg,4
02835.jpg,6
02836.jpg,2
02837.jpg,3
02838.jpg,9
02839.jpg,5
02840.jpg,7
02841.jpg,7
02842.jpg,6
02843.jpg,8
02844.jpg,1
02845.jpg,6
02846.jpg,7
02847.jpg,5
02848.jpg,3
02849.jpg,2
02850.jpg,8
02851.jpg,0
02852.jpg,3
02853.jpg,3
02854.jpg,4
02855.jpg,2
02856.jpg,5
02857.jpg,5
02858.jpg,1
02859.jpg,2
02860.jpg,7
02861.jpg,2
02862.jpg,7
02863.jpg,4
02864.jpg,4
02865.jpg,2
02866.jpg,4
02867.jpg,9
02868.jpg,3
02869.jpg,2
02870.jpg,2
02871.jpg,4
02872.jpg,3
02873.jpg,1
02874.jpg,4
02875.jpg,5
02876.jpg,9
02877.jpg,7
02878.jpg,2
02879.jpg,0
02880.jpg,6
02881.jpg,0
02882.jpg,9
02883.jpg,0
02884.jpg,3
02885.jpg,0
02886.jpg,1
02887.jpg,1
02888.jpg,7
02889.jpg,4
02890.jpg,2
02891.jpg,7
02892.jpg,0
02893.jpg,7
02894.jpg,7
02895.jpg,9
02896.jpg,4
02897.jpg,4
02898.jpg,2
02899.jpg,2
02900.jpg,1
02901.jpg,9
02902.jpg,8
02903.jpg,5
02904.jpg,4
02905.jpg,8
02906.jpg,9
02907.jpg,0
02908.jpg,7
02909.jpg,5
02910.jpg,1
02911.jpg,9
02912.jpg,7
02913.jpg,5
02914.jpg,8
02915.jpg,0
02916.jpg,4
02917.jpg,9
02918.jpg,2
02919.jpg,3
02920.jpg,3
02921.jpg,0
02922.jpg,2
02923.jpg,4
02924.jpg,6
02925.jpg,6
02926.jpg,3
02927.jpg,3
02928.jpg,0
02929.jpg,0
02930.jpg,7
02931.jpg,5
02932.jpg,1
02933.jpg,1
02934.jpg,3
02935.jpg,6
02936.jpg,9
02937.jpg,5
02938.jpg,0
02939.jpg,5
02940.jpg,9
02941.jpg,1
02942.jpg,9
02943.jpg,8
02944.jpg,3
02945.jpg,2
02946.jpg,2
02947.jpg,9
02948.jpg,1
02949.jpg,8
02950.jpg,9
02951.jpg,3
02952.jpg,2
02953.jpg,1
02954.jpg,3
02955.jpg,3
02956.jpg,0
02957.jpg,7
02958.jpg,4
02959.jpg,3
02960.jpg,6
02961.jpg,6
02962.jpg,9
02963.jpg,4
02964.jpg,0
02965.jpg,9
02966.jpg,9
02967.jpg,1
02968.jpg,1
02969.jpg,5
02970.jpg,7
02971.jpg,6
02972.jpg,3
02973.jpg,6
02974.jpg,5
02975.jpg,7
02976.jpg,7
02977.jpg,7
02978.jpg,3
02979.jpg,6
02980.jpg,2
02981.jpg,3
02982.jpg,6
02983.jpg,4
02984.jpg,2
02985.jpg,2
02986.jpg,1
02987.jpg,4
02988.jpg,9
02989.jpg,1
02990.jpg,9
02991.jpg,0
02992.jpg,9
02993.jpg,3
02994.jpg,5
02995.jpg,3
02996.jpg,2
02997.jpg,3
02998.jpg,5
02999.jpg,0
03000.jpg,6
03001.jpg,5
03002.jpg,5
03003.jpg,6
03004.jpg,4
03005.jpg,3
03006.jpg,5
03007.jpg,6
03008.jpg,4
03009.jpg,1
03010.jpg,1
03011.jpg,3
03012.jpg,2
03013.jpg,1
03014.jpg,2
03015.jpg,0
03016.jpg,9
03017.jpg,1
03018.jpg,2
03019.jpg,1
03020.jpg,4
03021.jpg,9
03022.jpg,3
03023.jpg,0
03024.jpg,9
03025.jpg,7
03026.jpg,3
03027.jpg,8
03028.jpg,3
03029.jpg,8
03030.jpg,5
03031.jpg,9
03032.jpg,6
03033.jpg,5
03034.jpg,7
03035.jpg,9
03036.jpg,6
03037.jpg,7
03038.jpg,0
03039.jpg,5
03040.jpg,3
03041.jpg,4
03042.jpg,0
03043.jpg,8
03044.jpg,6
03045.jpg,9
03046.jpg,4
03047.jpg,2
03048.jpg,3
03049.jpg,8
03050.jpg,1
03051.jpg,6
03052.jpg,7
03053.jpg,4
03054.jpg,3
03055.jpg,8
03056.jpg,7
03057.jpg,8
03058.jpg,7
03059.jpg,0
03060.jpg,3
03061.jpg,0
03062.jpg,7
03063.jpg,0
03064.jpg,6
03065.jpg,5
03066.jpg,1
03067.jpg,5
03068.jpg,9
03069.jpg,3
03070.jpg,8
03071.jpg,0
03072.jpg,8
03073.jpg,0
03074.jpg,0
03075.jpg,0
03076.jpg,8
03077.jpg,0
03078.jpg,7
03079.jpg,0
03080.jpg,4
03081.jpg,7
03082.jpg,9
03083.jpg,4
03084.jpg,2
03085.jpg,7
03086.jpg,6
03087.jpg,9
03088.jpg,9
03089.jpg,3
03090.jpg,9
03091.jpg,5
03092.jpg,3
03093.jpg,3
03094.jpg,3
03095.jpg,3
03096.jpg,8
03097.jpg,0
03098.jpg,2
03099.jpg,6
03100.jpg,3
03101.jpg,2
03102.jpg,5
03103.jpg,2
03104.jpg,6
03105.jpg,3
03106.jpg,1
03107.jpg,3
03108.jpg,4
03109.jpg,4
03110.jpg,6
03111.jpg,7
03112.jpg,7
03113.jpg,8
03114.jpg,9
03115.jpg,3
03116.jpg,7
03117.jpg,1
03118.jpg,1
03119.jpg,0
03120.jpg,6
03121.jpg,2
03122.jpg,5
03123.jpg,7
03124.jpg,4
03125.jpg,3
03126.jpg,7
03127.jpg,0
03128.jpg,8
03129.jpg,9
03130.jpg,2
03131.jpg,6
03132.jpg,9
03133.jpg,7
03134.jpg,6
03135.jpg,3
03136.jpg,3
03137.jpg,1
03138.jpg,9
03139.jpg,7
03140.jpg,8
03141.jpg,4
03142.jpg,5
03143.jpg,3
03144.jpg,3
03145.jpg,9
03146.jpg,2
03147.jpg,1
03148.jpg,8
03149.jpg,6
03150.jpg,0
03151.jpg,8
03152.jpg,6
03153.jpg,9
03154.jpg,6
03155.jpg,6
03156.jpg,0
03157.jpg,4
03158.jpg,2
03159.jpg,2
03160.jpg,3
03161.jpg,8
03162.jpg,8
03163.jpg,9
03164.jpg,1
03165.jpg,3
03166.jpg,2
03167.jpg,0
03168.jpg,1
03169.jpg,6
03170.jpg,7
03171.jpg,4
03172.jpg,7
03173.jpg,2
03174.jpg,0
03175.jpg,5
03176.jpg,6
03177.jpg,4
03178.jpg,6
03179.jpg,7
03180.jpg,8
03181.jpg,3
03182.jpg,3
03183.jpg,7
03184.jpg,5
03185.jpg,9
03186.jpg,3
03187.jpg,3
03188.jpg,3
03189.jpg,3
03190.jpg,7
03191.jpg,5
03192.jpg,3
03193.jpg,4
03194.jpg,2
03195.jpg,7
03196.jpg,1
03197.jpg,7
03198.jpg,9
03199.jpg,9
03200.jpg,9
03201.jpg,6
03202.jpg,2
03203.jpg,0
03204.jpg,0
03205.jpg,5
03206.jpg,5
03207.jpg,3
03208.jpg,3
03209.jpg,1
03210.jpg,9
03211.jpg,7
03212.jpg,8
03213.jpg,0
03214.jpg,0
03215.jpg,7
03216.jpg,3
03217.jpg,0
03218.jpg,7
03219.jpg,4
03220.jpg,6
03221.jpg,8
03222.jpg,4
03223.jpg,0
03224.jpg,3
03225.jpg,9
03226.jpg,3
03227.jpg,2
03228.jpg,1
03229.jpg,4
03230.jpg,7
03231.jpg,9
03232.jpg,0
03233.jpg,2
03234.jpg,0
03235.jpg,1
03236.jpg,6
03237.jpg,5
03238.jpg,1
03239.jpg,7
03240.jpg,4
03241.jpg,7
03242.jpg,4
03243.jpg,0
03244.jpg,2
03245.jpg,3
03246.jpg,2
03247.jpg,0
03248.jpg,1
03249.jpg,5
03250.jpg,9
03251.jpg,8
03252.jpg,9
03253.jpg,4
03254.jpg,0
03255.jpg,5
03256.jpg,7
03257.jpg,0
03258.jpg,0
03259.jpg,3
03260.jpg,8
03261.jpg,3
03262.jpg,6
03263.jpg,1
03264.jpg,5
03265.jpg,9
03266.jpg,6
03267.jpg,4
03268.jpg,2
03269.jpg,3
03270.jpg,0
03271.jpg,3
03272.jpg,1
03273.jpg,8
03274.jpg,9
03275.jpg,3
03276.jpg,5
03277.jpg,9
03278.jpg,2
03279.jpg,8
03280.jpg,0
03281.jpg,0
03282.jpg,4
03283.jpg,8
03284.jpg,2
03285.jpg,2
03286.jpg,6
03287.jpg,0
03288.jpg,6
03289.jpg,8
03290.jpg,9
03291.jpg,8
03292.jpg,6
03293.jpg,5
03294.jpg,7
03295.jpg,8
03296.jpg,5
03297.jpg,1
03298.jpg,6
03299.jpg,1
03300.jpg,3
03301.jpg,0
03302.jpg,6
03303.jpg,3
03304.jpg,3
03305.jpg,2
03306.jpg,6
03307.jpg,2
03308.jpg,7
03309.jpg,6
03310.jpg,8
03311.jpg,1
03312.jpg,5
03313.jpg,6
03314.jpg,3
03315.jpg,7
03316.jpg,5
03317.jpg,7
03318.jpg,2
03319.jpg,1
03320.jpg,4
03321.jpg,9
03322.jpg,2
03323.jpg,1
03324.jpg,6
03325.jpg,3
03326.jpg,1
03327.jpg,2
03328.jpg,9
03329.jpg,1
03330.jpg,3
03331.jpg,5
03332.jpg,8
03333.jpg,7
03334.jpg,7
03335.jpg,8
03336.jpg,4
03337.jpg,0
03338.jpg,8
03339.jpg,0
03340.jpg,1
03341.jpg,2
03342.jpg,4
03343.jpg,8
03344.jpg,6
03345.jpg,6
03346.jpg,9
03347.jpg,4
03348.jpg,2
03349.jpg,9
03350.jpg,2
03351.jpg,4
03352.jpg,3
03353.jpg,2
03354.jpg,7
03355.jpg,0
03356.jpg,7
03357.jpg,0
03358.jpg,4
03359.jpg,3
03360.jpg,3
03361.jpg,6
03362.jpg,2
03363.jpg,6
03364.jpg,4
03365.jpg,4
03366.jpg,2
03367.jpg,6
03368.jpg,4
03369.jpg,4
03370.jpg,3
03371.jpg,4
03372.jpg,9
03373.jpg,8
03374.jpg,1
03375.jpg,1
03376.jpg,0
03377.jpg,4
03378.jpg,6
03379.jpg,3
03380.jpg,7
03381.jpg,1
03382.jpg,2
03383.jpg,7
03384.jpg,5
03385.jpg,3
03386.jpg,9
03387.jpg,8
03388.jpg,9
03389.jpg,6
03390.jpg,4
03391.jpg,4
03392.jpg,8
03393.jpg,3
03394.jpg,2
03395.jpg,1
03396.jpg,5
03397.jpg,4
03398.jpg,2
03399.jpg,0
03400.jpg,0
03401.jpg,6
03402.jpg,1
03403.jpg,3
03404.jpg,2
03405.jpg,7
03406.jpg,9
03407.jpg,0
03408.jpg,7
03409.jpg,6
03410.jpg,9
03411.jpg,8
03412.jpg,3
03413.jpg,3
03414.jpg,3
03415.jpg,1
03416.jpg,6
03417.jpg,6
03418.jpg,6
03419.jpg,3
03420.jpg,3
03421.jpg,9
03422.jpg,7
03423.jpg,2
03424.jpg,1
03425.jpg,9
03426.jpg,7
03427.jpg,0
03428.jpg,2
03429.jpg,7
03430.jpg,0
03431.jpg,5
03432.jpg,3
03433.jpg,8
03434.jpg,7
03435.jpg,8
03436.jpg,7
03437.jpg,6
03438.jpg,6
03439.jpg,8
03440.jpg,1
03441.jpg,2
03442.jpg,6
03443.jpg,6
03444.jpg,3
03445.jpg,3
03446.jpg,0
03447.jpg,3
03448.jpg,9
03449.jpg,1
03450.jpg,2
03451.jpg,9
03452.jpg,3
03453.jpg,3
03454.jpg,1
03455.jpg,2
03456.jpg,5
03457.jpg,2
03458.jpg,7
03459.jpg,3
03460.jpg,6
03461.jpg,4
03462.jpg,0
03463.jpg,5
03464.jpg,1
03465.jpg,4
03466.jpg,1
03467.jpg,9
03468.jpg,7
03469.jpg,7
03470.jpg,4
03471.jpg,3
03472.jpg,8
03473.jpg,5
03474.jpg,2
03475.jpg,0
03476.jpg,0
03477.jpg,4
03478.jpg,6
03479.jpg,2
03480.jpg,3
03481.jpg,6
03482.jpg,1
03483.jpg,4
03484.jpg,1
03485.jpg,8
03486.jpg,3
03487.jpg,8
03488.jpg,1
03489.jpg,4
03490.jpg,9
03491.jpg,9
03492.jpg,6
03493.jpg,6
03494.jpg,3
03495.jpg,7
03496.jpg,3
03497.jpg,6
03498.jpg,2
03499.jpg,5
03500.jpg,4
03501.jpg,3
03502.jpg,3
03503.jpg,8
03504.jpg,5
03505.jpg,1
03506.jpg,8
03507.jpg,7
03508.jpg,1
03509.jpg,4
03510.jpg,3
03511.jpg,1
03512.jpg,1
03513.jpg,3
03514.jpg,6
03515.jpg,8
03516.jpg,4
03517.jpg,6
03518.jpg,2
03519.jpg,5
03520.jpg,9
03521.jpg,3
03522.jpg,6
03523.jpg,5
03524.jpg,6
03525.jpg,2
03526.jpg,8
03527.jpg,5
03528.jpg,5
03529.jpg,7
03530.jpg,1
03531.jpg,4
03532.jpg,8
03533.jpg,7
03534.jpg,2
03535.jpg,1
03536.jpg,8
03537.jpg,4
03538.jpg,5
03539.jpg,0
03540.jpg,3
03541.jpg,0
03542.jpg,1
03543.jpg,8
03544.jpg,7
03545.jpg,5
03546.jpg,8
03547.jpg,0
03548.jpg,2
03549.jpg,2
03550.jpg,0
03551.jpg,5
03552.jpg,1
03553.jpg,2
03554.jpg,3
03555.jpg,0
03556.jpg,0
03557.jpg,5
03558.jpg,0
03559.jpg,4
03560.jpg,2
03561.jpg,3
03562.jpg,3
03563.jpg,3
03564.jpg,0
03565.jpg,6
03566.jpg,4
03567.jpg,2
03568.jpg,1
03569.jpg,9
03570.jpg,5
03571.jpg,2
03572.jpg,5
03573.jpg,0
03574.jpg,9
03575.jpg,2
03576.jpg,2
03577.jpg,5
03578.jpg,4
03579.jpg,5
03580.jpg,2
03581.jpg,2
03582.jpg,1
03583.jpg,9
03584.jpg,2
03585.jpg,2
03586.jpg,6
03587.jpg,7
03588.jpg,6
03589.jpg,0
03590.jpg,8
03591.jpg,2
03592.jpg,4
03593.jpg,3
03594.jpg,7
03595.jpg,8
03596.jpg,0
03597.jpg,2
03598.jpg,6
03599.jpg,5
03600.jpg,1
03601.jpg,6
03602.jpg,1
03603.jpg,3
03604.jpg,0
03605.jpg,0
03606.jpg,8
03607.jpg,7
03608.jpg,3
03609.jpg,0
03610.jpg,8
03611.jpg,5
03612.jpg,2
03613.jpg,0
03614.jpg,7
03615.jpg,2
03616.jpg,9
03617.jpg,0
03618.jpg,9
03619.jpg,7
03620.jpg,9
03621.jpg,1
03622.jpg,3
03623.jpg,8
03624.jpg,9
03625.jpg,9
03626.jpg,8
03627.jpg,2
03628.jpg,0
03629.jpg,8
03630.jpg,8
03631.jpg,1
03632.jpg,5
03633.jpg,3
03634.jpg,3
03635.jpg,1
03636.jpg,9
03637.jpg,7
03638.jpg,8
03639.jpg,0
03640.jpg,5
03641.jpg,6
03642.jpg,3
03643.jpg,9
03644.jpg,3
03645.jpg,0
03646.jpg,1
03647.jpg,2
03648.jpg,9
03649.jpg,2
03650.jpg,2
03651.jpg,4
03652.jpg,5
03653.jpg,1
03654.jpg,5
03655.jpg,1
03656.jpg,4
03657.jpg,7
03658.jpg,9
03659.jpg,9
03660.jpg,0
03661.jpg,7
03662.jpg,9
03663.jpg,7
03664.jpg,4
03665.jpg,1
03666.jpg,9
03667.jpg,9
03668.jpg,1
03669.jpg,1
03670.jpg,2
03671.jpg,3
03672.jpg,5
03673.jpg,0
03674.jpg,3
03675.jpg,0
03676.jpg,6
03677.jpg,1
03678.jpg,7
03679.jpg,2
03680.jpg,9
03681.jpg,7
03682.jpg,6
03683.jpg,0
03684.jpg,0
03685.jpg,3
03686.jpg,9
03687.jpg,3
03688.jpg,6
03689.jpg,2
03690.jpg,0
03691.jpg,6
03692.jpg,7
03693.jpg,4
03694.jpg,1
03695.jpg,0
03696.jpg,3
03697.jpg,0
03698.jpg,1
03699.jpg,6
03700.jpg,3
03701.jpg,0
03702.jpg,0
03703.jpg,2
03704.jpg,9
03705.jpg,1
03706.jpg,5
03707.jpg,4
03708.jpg,8
03709.jpg,5
03710.jpg,9
03711.jpg,9
03712.jpg,3
03713.jpg,6
03714.jpg,3
03715.jpg,8
03716.jpg,3
03717.jpg,7
03718.jpg,4
03719.jpg,6
03720.jpg,2
03721.jpg,9
03722.jpg,3
03723.jpg,3
03724.jpg,3
03725.jpg,3
03726.jpg,2
03727.jpg,7
03728.jpg,9
03729.jpg,6
03730.jpg,4
03731.jpg,0
03732.jpg,0
03733.jpg,7
03734.jpg,3
03735.jpg,8
03736.jpg,1
03737.jpg,8
03738.jpg,1
03739.jpg,4
03740.jpg,3
03741.jpg,3
03742.jpg,6
03743.jpg,6
03744.jpg,5
03745.jpg,5
03746.jpg,4
03747.jpg,6
03748.jpg,3
03749.jpg,0
03750.jpg,0
03751.jpg,7
03752.jpg,9
03753.jpg,3
03754.jpg,7
03755.jpg,4
03756.jpg,9
03757.jpg,1
03758.jpg,6
03759.jpg,3
03760.jpg,2
03761.jpg,5
03762.jpg,5
03763.jpg,4
03764.jpg,4
03765.jpg,5
03766.jpg,0
03767.jpg,3
03768.jpg,6
03769.jpg,6
03770.jpg,4
03771.jpg,7
03772.jpg,4
03773.jpg,2
03774.jpg,7
03775.jpg,6
03776.jpg,6
03777.jpg,3
03778.jpg,3
03779.jpg,1
03780.jpg,7
03781.jpg,3
03782.jpg,8
03783.jpg,8
03784.jpg,2
03785.jpg,9
03786.jpg,5
03787.jpg,6
03788.jpg,3
03789.jpg,1
03790.jpg,9
03791.jpg,0
03792.jpg,5
03793.jpg,8
03794.jpg,8
03795.jpg,3
03796.jpg,7
03797.jpg,7
03798.jpg,3
03799.jpg,2
03800.jpg,8
03801.jpg,3
03802.jpg,1
03803.jpg,3
03804.jpg,4
03805.jpg,0
03806.jpg,5
03807.jpg,5
03808.jpg,8
03809.jpg,1
03810.jpg,3
03811.jpg,3
03812.jpg,4
03813.jpg,8
03814.jpg,4
03815.jpg,5
03816.jpg,2
03817.jpg,6
03818.jpg,8
03819.jpg,7
03820.jpg,9
03821.jpg,2
03822.jpg,5
03823.jpg,7
03824.jpg,2
03825.jpg,5
03826.jpg,5
03827.jpg,0
03828.jpg,4
03829.jpg,1
03830.jpg,0
03831.jpg,6
03832.jpg,5
03833.jpg,0
03834.jpg,0
03835.jpg,6
03836.jpg,5
03837.jpg,4
03838.jpg,7
03839.jpg,9
03840.jpg,3
03841.jpg,7
03842.jpg,5
03843.jpg,8
03844.jpg,3
03845.jpg,9
03846.jpg,6
03847.jpg,3
03848.jpg,9
03849.jpg,1
03850.jpg,3
03851.jpg,6
03852.jpg,5
03853.jpg,6
03854.jpg,4
03855.jpg,8
03856.jpg,4
03857.jpg,3
03858.jpg,6
03859.jpg,1
03860.jpg,3
03861.jpg,9
03862.jpg,4
03863.jpg,4
03864.jpg,6
03865.jpg,1
03866.jpg,7
03867.jpg,0
03868.jpg,2
03869.jpg,5
03870.jpg,7
03871.jpg,7
03872.jpg,7
03873.jpg,3
03874.jpg,1
03875.jpg,5
03876.jpg,8
03877.jpg,3
03878.jpg,5
03879.jpg,7
03880.jpg,9
03881.jpg,9
03882.jpg,1
03883.jpg,3
03884.jpg,7
03885.jpg,1
03886.jpg,6
03887.jpg,4
03888.jpg,9
03889.jpg,5
03890.jpg,3
03891.jpg,0
03892.jpg,3
03893.jpg,0
03894.jpg,3
03895.jpg,9
03896.jpg,8
03897.jpg,5
03898.jpg,6
03899.jpg,3
03900.jpg,0
03901.jpg,0
03902.jpg,4
03903.jpg,9
03904.jpg,4
03905.jpg,4
03906.jpg,6
03907.jpg,1
03908.jpg,0
03909.jpg,6
03910.jpg,1
03911.jpg,9
03912.jpg,5
03913.jpg,9
03914.jpg,5
03915.jpg,1
03916.jpg,3
03917.jpg,0
03918.jpg,6
03919.jpg,2
03920.jpg,5
03921.jpg,2
03922.jpg,1
03923.jpg,4
03924.jpg,9
03925.jpg,4
03926.jpg,4
03927.jpg,6
03928.jpg,1
03929.jpg,9
03930.jpg,3
03931.jpg,8
03932.jpg,0
03933.jpg,2
03934.jpg,8
03935.jpg,9
03936.jpg,2
03937.jpg,8
03938.jpg,3
03939.jpg,4
03940.jpg,1
03941.jpg,4
03942.jpg,9
03943.jpg,8
03944.jpg,8
03945.jpg,0
03946.jpg,6
03947.jpg,9
03948.jpg,8
03949.jpg,5
03950.jpg,5
03951.jpg,4
03952.jpg,7
03953.jpg,6
03954.jpg,6
03955.jpg,1
03956.jpg,8
03957.jpg,2
03958.jpg,0
03959.jpg,9
03960.jpg,0
03961.jpg,8
03962.jpg,3
03963.jpg,1
03964.jpg,4
03965.jpg,5
03966.jpg,8
03967.jpg,4
03968.jpg,6
03969.jpg,8
03970.jpg,8
03971.jpg,3
03972.jpg,5
03973.jpg,6
03974.jpg,0
03975.jpg,0
03976.jpg,2
03977.jpg,8
03978.jpg,3
03979.jpg,2
03980.jpg,3
03981.jpg,4
03982.jpg,3
03983.jpg,3
03984.jpg,3
03985.jpg,5
03986.jpg,4
03987.jpg,4
03988.jpg,4
03989.jpg,3
03990.jpg,5
03991.jpg,4
03992.jpg,8
03993.jpg,1
03994.jpg,6
03995.jpg,7
03996.jpg,2
03997.jpg,2
03998.jpg,9
03999.jpg,6
04000.jpg,7
04001.jpg,5
04002.jpg,9
04003.jpg,0
04004.jpg,1
04005.jpg,5
04006.jpg,6
04007.jpg,4
04008.jpg,3
04009.jpg,3
04010.jpg,9
04011.jpg,9
04012.jpg,9
04013.jpg,6
04014.jpg,1
04015.jpg,8
04016.jpg,9
04017.jpg,3
04018.jpg,5
04019.jpg,9
04020.jpg,7
04021.jpg,9
04022.jpg,4
04023.jpg,9
04024.jpg,3
04025.jpg,2
04026.jpg,5
04027.jpg,6
04028.jpg,7
04029.jpg,7
04030.jpg,4
04031.jpg,2
04032.jpg,5
04033.jpg,7
04034.jpg,6
04035.jpg,5
04036.jpg,6
04037.jpg,3
04038.jpg,1
04039.jpg,3
04040.jpg,7
04041.jpg,4
04042.jpg,7
04043.jpg,1
04044.jpg,1
04045.jpg,2
04046.jpg,9
04047.jpg,2
04048.jpg,2
04049.jpg,3
04050.jpg,6
04051.jpg,9
04052.jpg,9
04053.jpg,5
04054.jpg,5
04055.jpg,2
04056.jpg,7
04057.jpg,4
04058.jpg,8
04059.jpg,0
04060.jpg,9
04061.jpg,1
04062.jpg,4
04063.jpg,5
04064.jpg,6
04065.jpg,5
04066.jpg,6
04067.jpg,0
04068.jpg,9
04069.jpg,9
04070.jpg,4
04071.jpg,5
04072.jpg,2
04073.jpg,2
04074.jpg,5
04075.jpg,5
04076.jpg,2
04077.jpg,9
04078.jpg,4
04079.jpg,1
04080.jpg,5
04081.jpg,6
04082.jpg,8
04083.jpg,3
04084.jpg,6
04085.jpg,3
04086.jpg,3
04087.jpg,7
04088.jpg,0
04089.jpg,9
04090.jpg,0
04091.jpg,2
04092.jpg,9
04093.jpg,0
04094.jpg,3
04095.jpg,8
04096.jpg,4
04097.jpg,4
04098.jpg,7
04099.jpg,1
04100.jpg,3
04101.jpg,3
04102.jpg,9
04103.jpg,8
04104.jpg,4
04105.jpg,4
04106.jpg,3
04107.jpg,8
04108.jpg,0
04109.jpg,4
04110.jpg,1
04111.jpg,3
04112.jpg,8
04113.jpg,7
04114.jpg,7
04115.jpg,8
04116.jpg,4
04117.jpg,3
04118.jpg,3
04119.jpg,5
04120.jpg,7
04121.jpg,7
04122.jpg,2
04123.jpg,0
04124.jpg,6
04125.jpg,9
04126.jpg,3
04127.jpg,6
04128.jpg,4
04129.jpg,8
04130.jpg,8
04131.jpg,7
04132.jpg,0
04133.jpg,7
04134.jpg,7
04135.jpg,1
04136.jpg,6
04137.jpg,1
04138.jpg,8
04139.jpg,3
04140.jpg,6
04141.jpg,0
04142.jpg,9
04143.jpg,9
04144.jpg,3
04145.jpg,9
04146.jpg,3
04147.jpg,1
04148.jpg,6
04149.jpg,9
04150.jpg,6
04151.jpg,2
04152.jpg,1
04153.jpg,2
04154.jpg,2
04155.jpg,2
04156.jpg,7
04157.jpg,8
04158.jpg,4
04159.jpg,7
04160.jpg,5
04161.jpg,8
04162.jpg,7
04163.jpg,3
04164.jpg,2
04165.jpg,0
04166.jpg,8
04167.jpg,1
04168.jpg,2
04169.jpg,1
04170.jpg,1
04171.jpg,0
04172.jpg,0
04173.jpg,2
04174.jpg,3
04175.jpg,4
04176.jpg,1
04177.jpg,2
04178.jpg,4
04179.jpg,2
04180.jpg,7
04181.jpg,3
04182.jpg,0
04183.jpg,0
04184.jpg,1
04185.jpg,6
04186.jpg,1
04187.jpg,3
04188.jpg,3
04189.jpg,2
04190.jpg,4
04191.jpg,3
04192.jpg,2
04193.jpg,7
04194.jpg,0
04195.jpg,4
04196.jpg,7
04197.jpg,9
04198.jpg,6
04199.jpg,8
04200.jpg,9
04201.jpg,3
04202.jpg,3
04203.jpg,9
04204.jpg,7
04205.jpg,7
04206.jpg,7
04207.jpg,0
04208.jpg,5
04209.jpg,5
04210.jpg,4
04211.jpg,8
04212.jpg,6
04213.jpg,2
04214.jpg,7
04215.jpg,0
04216.jpg,2
04217.jpg,8
04218.jpg,5
04219.jpg,0
04220.jpg,1
04221.jpg,7
04222.jpg,0
04223.jpg,4
04224.jpg,7
04225.jpg,8
04226.jpg,2
04227.jpg,4
04228.jpg,2
04229.jpg,0
04230.jpg,0
04231.jpg,7
04232.jpg,1
04233.jpg,8
04234.jpg,7
04235.jpg,8
04236.jpg,4
04237.jpg,9
04238.jpg,3
04239.jpg,0
04240.jpg,2
04241.jpg,4
04242.jpg,0
04243.jpg,5
04244.jpg,9
04245.jpg,3
04246.jpg,0
04247.jpg,1
04248.jpg,2
04249.jpg,5
04250.jpg,4
04251.jpg,6
04252.jpg,1
04253.jpg,8
04254.jpg,4
04255.jpg,4
04256.jpg,3
04257.jpg,6
04258.jpg,8
04259.jpg,0
04260.jpg,3
04261.jpg,5
04262.jpg,5
04263.jpg,3
04264.jpg,1
04265.jpg,4
04266.jpg,2
04267.jpg,4
04268.jpg,1
04269.jpg,7
04270.jpg,1
04271.jpg,3
04272.jpg,7
04273.jpg,8
04274.jpg,0
04275.jpg,6
04276.jpg,0
04277.jpg,7
04278.jpg,6
04279.jpg,5
04280.jpg,3
04281.jpg,0
04282.jpg,8
04283.jpg,1
04284.jpg,1
04285.jpg,0
04286.jpg,3
04287.jpg,6
04288.jpg,4
04289.jpg,9
04290.jpg,1
04291.jpg,9
04292.jpg,9
04293.jpg,2
04294.jpg,1
04295.jpg,4
04296.jpg,7
04297.jpg,1
04298.jpg,0
04299.jpg,3
04300.jpg,3
04301.jpg,2
04302.jpg,8
04303.jpg,6
04304.jpg,0
04305.jpg,7
04306.jpg,4
04307.jpg,0
04308.jpg,1
04309.jpg,2
04310.jpg,4
04311.jpg,6
04312.jpg,5
04313.jpg,4
04314.jpg,1
04315.jpg,8
04316.jpg,2
04317.jpg,7
04318.jpg,4
04319.jpg,1
04320.jpg,8
04321.jpg,9
04322.jpg,3
04323.jpg,6
04324.jpg,4
04325.jpg,5
04326.jpg,9
04327.jpg,2
04328.jpg,5
04329.jpg,9
04330.jpg,5
04331.jpg,2
04332.jpg,6
04333.jpg,6
04334.jpg,3
04335.jpg,8
04336.jpg,5
04337.jpg,9
04338.jpg,0
04339.jpg,1
04340.jpg,3
04341.jpg,8
04342.jpg,9
04343.jpg,4
04344.jpg,5
04345.jpg,5
04346.jpg,1
04347.jpg,6
04348.jpg,7
04349.jpg,2
04350.jpg,9
04351.jpg,3
04352.jpg,0
04353.jpg,4
04354.jpg,4
04355.jpg,4
04356.jpg,4
04357.jpg,0
04358.jpg,5
04359.jpg,4
04360.jpg,1
04361.jpg,1
04362.jpg,7
04363.jpg,0
04364.jpg,5
04365.jpg,5
04366.jpg,7
04367.jpg,3
04368.jpg,4
04369.jpg,5
04370.jpg,9
04371.jpg,2
04372.jpg,4
04373.jpg,7
04374.jpg,6
04375.jpg,1
04376.jpg,8
04377.jpg,3
04378.jpg,7
04379.jpg,6
04380.jpg,0
04381.jpg,0
04382.jpg,1
04383.jpg,3
04384.jpg,5
04385.jpg,8
04386.jpg,7
04387.jpg,3
04388.jpg,6
04389.jpg,6
04390.jpg,0
04391.jpg,1
04392.jpg,7
04393.jpg,6
04394.jpg,1
04395.jpg,3
04396.jpg,4
04397.jpg,9
04398.jpg,2
04399.jpg,4
04400.jpg,2
04401.jpg,1
04402.jpg,6
04403.jpg,2
04404.jpg,3
04405.jpg,0
04406.jpg,7
04407.jpg,8
04408.jpg,2
04409.jpg,8
04410.jpg,4
04411.jpg,6
04412.jpg,2
04413.jpg,3
04414.jpg,1
04415.jpg,1
04416.jpg,0
04417.jpg,3
04418.jpg,4
04419.jpg,9
04420.jpg,2
04421.jpg,9
04422.jpg,3
04423.jpg,0
04424.jpg,1
04425.jpg,5
04426.jpg,6
04427.jpg,9
04428.jpg,2
04429.jpg,7
04430.jpg,5
04431.jpg,2
04432.jpg,6
04433.jpg,8
04434.jpg,2
04435.jpg,7
04436.jpg,0
04437.jpg,7
04438.jpg,2
04439.jpg,0
04440.jpg,3
04441.jpg,7
04442.jpg,6
04443.jpg,9
04444.jpg,2
04445.jpg,6
04446.jpg,5
04447.jpg,1
04448.jpg,2
04449.jpg,4
04450.jpg,4
04451.jpg,8
04452.jpg,3
04453.jpg,1
04454.jpg,3
04455.jpg,2
04456.jpg,3
04457.jpg,0
04458.jpg,9
04459.jpg,7
04460.jpg,0
04461.jpg,1
04462.jpg,2
04463.jpg,2
04464.jpg,3
04465.jpg,3
04466.jpg,6
04467.jpg,5
04468.jpg,0
04469.jpg,7
04470.jpg,1
04471.jpg,8
04472.jpg,9
04473.jpg,5
04474.jpg,8
04475.jpg,5
04476.jpg,3
04477.jpg,4
04478.jpg,5
04479.jpg,7
04480.jpg,7
04481.jpg,2
04482.jpg,6
04483.jpg,3
04484.jpg,5
04485.jpg,2
04486.jpg,1
04487.jpg,3
04488.jpg,3
04489.jpg,9
04490.jpg,2
04491.jpg,7
04492.jpg,4
04493.jpg,5
04494.jpg,9
04495.jpg,7
04496.jpg,4
04497.jpg,3
04498.jpg,8
04499.jpg,3
04500.jpg,0
04501.jpg,5
04502.jpg,9
04503.jpg,7
04504.jpg,6
04505.jpg,2
04506.jpg,2
04507.jpg,1
04508.jpg,4
04509.jpg,1
04510.jpg,0
04511.jpg,0
04512.jpg,3
04513.jpg,7
04514.jpg,7
04515.jpg,6
04516.jpg,7
04517.jpg,6
04518.jpg,2
04519.jpg,3
04520.jpg,0
04521.jpg,0
04522.jpg,7
04523.jpg,9
04524.jpg,3
04525.jpg,6
04526.jpg,5
04527.jpg,0
04528.jpg,9
04529.jpg,3
04530.jpg,1
04531.jpg,4
04532.jpg,2
04533.jpg,9
04534.jpg,5
04535.jpg,1
04536.jpg,2
04537.jpg,3
04538.jpg,2
04539.jpg,0
04540.jpg,6
04541.jpg,7
04542.jpg,1
04543.jpg,1
04544.jpg,6
04545.jpg,4
04546.jpg,6
04547.jpg,0
04548.jpg,3
04549.jpg,3
04550.jpg,6
04551.jpg,8
04552.jpg,3
04553.jpg,5
04554.jpg,2
04555.jpg,1
04556.jpg,1
04557.jpg,6
04558.jpg,0
04559.jpg,0
04560.jpg,1
04561.jpg,3
04562.jpg,8
04563.jpg,0
04564.jpg,3
04565.jpg,2
04566.jpg,2
04567.jpg,9
04568.jpg,3
04569.jpg,4
04570.jpg,2
04571.jpg,4
04572.jpg,8
04573.jpg,7
04574.jpg,3
04575.jpg,1
04576.jpg,1
04577.jpg,4
04578.jpg,1
04579.jpg,1
04580.jpg,2
04581.jpg,8
04582.jpg,3
04583.jpg,6
04584.jpg,7
04585.jpg,3
04586.jpg,9
04587.jpg,3
04588.jpg,4
04589.jpg,0
04590.jpg,1
04591.jpg,4
04592.jpg,4
04593.jpg,5
04594.jpg,3
04595.jpg,9
04596.jpg,9
04597.jpg,7
04598.jpg,1
04599.jpg,3
04600.jpg,9
04601.jpg,7
04602.jpg,4
04603.jpg,3
04604.jpg,5
04605.jpg,7
04606.jpg,4
04607.jpg,6
04608.jpg,0
04609.jpg,2
04610.jpg,1
04611.jpg,6
04612.jpg,6
04613.jpg,1
04614.jpg,5
04615.jpg,7
04616.jpg,5
04617.jpg,5
04618.jpg,3
04619.jpg,7
04620.jpg,5
04621.jpg,0
04622.jpg,1
04623.jpg,5
04624.jpg,9
04625.jpg,5
04626.jpg,1
04627.jpg,9
04628.jpg,3
04629.jpg,1
04630.jpg,9
04631.jpg,3
04632.jpg,7
04633.jpg,6
04634.jpg,5
04635.jpg,6
04636.jpg,4
04637.jpg,4
04638.jpg,9
04639.jpg,1
04640.jpg,4
04641.jpg,7
04642.jpg,0
04643.jpg,1
04644.jpg,1
04645.jpg,4
04646.jpg,0
04647.jpg,5
04648.jpg,1
04649.jpg,7
04650.jpg,2
04651.jpg,7
04652.jpg,9
04653.jpg,9
04654.jpg,2
04655.jpg,7
04656.jpg,8
04657.jpg,3
04658.jpg,5
04659.jpg,5
04660.jpg,3
04661.jpg,1
04662.jpg,4
04663.jpg,1
04664.jpg,2
04665.jpg,1
04666.jpg,3
04667.jpg,8
04668.jpg,2
04669.jpg,0
04670.jpg,4
04671.jpg,3
04672.jpg,4
04673.jpg,3
04674.jpg,4
04675.jpg,1
04676.jpg,1
04677.jpg,6
04678.jpg,9
04679.jpg,7
04680.jpg,3
04681.jpg,2
04682.jpg,2
04683.jpg,0
04684.jpg,3
04685.jpg,0
04686.jpg,6
04687.jpg,2
04688.jpg,2
04689.jpg,0
04690.jpg,8
04691.jpg,4
04692.jpg,9
04693.jpg,8
04694.jpg,0
04695.jpg,0
04696.jpg,3
04697.jpg,0
04698.jpg,6
04699.jpg,6
04700.jpg,3
04701.jpg,4
04702.jpg,3
04703.jpg,3
04704.jpg,8
04705.jpg,2
04706.jpg,4
04707.jpg,3
04708.jpg,5
04709.jpg,2
04710.jpg,4
04711.jpg,0
04712.jpg,3
04713.jpg,7
04714.jpg,7
04715.jpg,4
04716.jpg,5
04717.jpg,3
04718.jpg,3
04719.jpg,8
04720.jpg,4
04721.jpg,4
04722.jpg,8
04723.jpg,9
04724.jpg,0
04725.jpg,5
04726.jpg,4
04727.jpg,0
04728.jpg,2
04729.jpg,3
04730.jpg,5
04731.jpg,1
04732.jpg,4
04733.jpg,4
04734.jpg,3
04735.jpg,8
04736.jpg,5
04737.jpg,8
04738.jpg,9
04739.jpg,8
04740.jpg,3
04741.jpg,5
04742.jpg,1
04743.jpg,1
04744.jpg,1
04745.jpg,7
04746.jpg,0
04747.jpg,5
04748.jpg,5
04749.jpg,2
04750.jpg,6
04751.jpg,3
04752.jpg,9
04753.jpg,4
04754.jpg,0
04755.jpg,3
04756.jpg,0
04757.jpg,6
04758.jpg,3
04759.jpg,1
04760.jpg,8
04761.jpg,4
04762.jpg,2
04763.jpg,4
04764.jpg,5
04765.jpg,3
04766.jpg,5
04767.jpg,3
04768.jpg,9
04769.jpg,4
04770.jpg,1
04771.jpg,0
04772.jpg,8
04773.jpg,4
04774.jpg,2
04775.jpg,3
04776.jpg,8
04777.jpg,9
04778.jpg,4
04779.jpg,7
04780.jpg,0
04781.jpg,5
04782.jpg,7
04783.jpg,0
04784.jpg,4
04785.jpg,8
04786.jpg,1
04787.jpg,3
04788.jpg,2
04789.jpg,3
04790.jpg,9
04791.jpg,5
04792.jpg,7
04793.jpg,3
04794.jpg,7
04795.jpg,1
04796.jpg,8
04797.jpg,7
04798.jpg,8
04799.jpg,6
04800.jpg,3
04801.jpg,1
04802.jpg,0
04803.jpg,9
04804.jpg,6
04805.jpg,3
04806.jpg,4
04807.jpg,9
04808.jpg,8
04809.jpg,9
04810.jpg,3
04811.jpg,4
04812.jpg,7
04813.jpg,3
04814.jpg,0
04815.jpg,4
04816.jpg,3
04817.jpg,2
04818.jpg,5
04819.jpg,7
04820.jpg,6
04821.jpg,1
04822.jpg,3
04823.jpg,9
04824.jpg,5
04825.jpg,6
04826.jpg,8
04827.jpg,5
04828.jpg,1
04829.jpg,9
04830.jpg,3
04831.jpg,2
04832.jpg,3
04833.jpg,3
04834.jpg,3
04835.jpg,3
04836.jpg,9
04837.jpg,1
04838.jpg,4
04839.jpg,5
04840.jpg,5
04841.jpg,7
04842.jpg,9
04843.jpg,3
04844.jpg,8
04845.jpg,9
04846.jpg,6
04847.jpg,8
04848.jpg,3
04849.jpg,6
04850.jpg,3
04851.jpg,5
04852.jpg,2
04853.jpg,9
04854.jpg,7
04855.jpg,7
04856.jpg,7
04857.jpg,5
04858.jpg,8
04859.jpg,7
04860.jpg,7
04861.jpg,6
04862.jpg,3
04863.jpg,2
04864.jpg,9
04865.jpg,3
04866.jpg,8
04867.jpg,5
04868.jpg,1
04869.jpg,3
04870.jpg,7
04871.jpg,2
04872.jpg,0
04873.jpg,6
04874.jpg,9
04875.jpg,0
04876.jpg,5
04877.jpg,0
04878.jpg,7
04879.jpg,9
04880.jpg,3
04881.jpg,3
04882.jpg,2
04883.jpg,4
04884.jpg,8
04885.jpg,5
04886.jpg,1
04887.jpg,4
04888.jpg,5
04889.jpg,5
04890.jpg,6
04891.jpg,3
04892.jpg,0
04893.jpg,4
04894.jpg,8
04895.jpg,1
04896.jpg,5
04897.jpg,0
04898.jpg,6
04899.jpg,9
04900.jpg,9
04901.jpg,7
04902.jpg,6
04903.jpg,4
04904.jpg,9
04905.jpg,4
04906.jpg,9
04907.jpg,2
04908.jpg,7
04909.jpg,3
04910.jpg,4
04911.jpg,0
04912.jpg,4
04913.jpg,7
04914.jpg,9
04915.jpg,5
04916.jpg,2
04917.jpg,3
04918.jpg,9
04919.jpg,0
04920.jpg,6
04921.jpg,0
04922.jpg,2
04923.jpg,0
04924.jpg,2
04925.jpg,4
04926.jpg,2
04927.jpg,7
04928.jpg,9
04929.jpg,0
04930.jpg,7
04931.jpg,6
04932.jpg,8
04933.jpg,2
04934.jpg,0
04935.jpg,4
04936.jpg,8
04937.jpg,1
04938.jpg,0
04939.jpg,4
04940.jpg,3
04941.jpg,1
04942.jpg,7
04943.jpg,0
04944.jpg,1
04945.jpg,3
04946.jpg,1
04947.jpg,8
04948.jpg,8
04949.jpg,4
04950.jpg,7
04951.jpg,1
04952.jpg,8
04953.jpg,2
04954.jpg,9
04955.jpg,1
04956.jpg,7
04957.jpg,3
04958.jpg,4
04959.jpg,1
04960.jpg,7
04961.jpg,3
04962.jpg,1
04963.jpg,3
04964.jpg,1
04965.jpg,1
04966.jpg,3
04967.jpg,2
04968.jpg,9
04969.jpg,3
04970.jpg,6
04971.jpg,0
04972.jpg,9
04973.jpg,0
04974.jpg,2
04975.jpg,3
04976.jpg,4
04977.jpg,0
04978.jpg,8
04979.jpg,9
04980.jpg,4
04981.jpg,0
04982.jpg,2
04983.jpg,4
04984.jpg,4
04985.jpg,7
04986.jpg,6
04987.jpg,1
04988.jpg,2
04989.jpg,6
04990.jpg,5
04991.jpg,2
04992.jpg,6
04993.jpg,2
04994.jpg,3
04995.jpg,8
04996.jpg,1
04997.jpg,6
04998.jpg,4
04999.jpg,3
05000.jpg,4
05001.jpg,5
05002.jpg,3
05003.jpg,9
05004.jpg,3
05005.jpg,4
05006.jpg,5
05007.jpg,9
05008.jpg,4
05009.jpg,8
05010.jpg,1
05011.jpg,2
05012.jpg,7
05013.jpg,2
05014.jpg,3
05015.jpg,3
05016.jpg,2
05017.jpg,7
05018.jpg,8
05019.jpg,1
05020.jpg,4
05021.jpg,6
05022.jpg,9
05023.jpg,8
05024.jpg,4
05025.jpg,5
05026.jpg,3
05027.jpg,0
05028.jpg,2
05029.jpg,3
05030.jpg,4
05031.jpg,3
05032.jpg,9
05033.jpg,3
05034.jpg,4
05035.jpg,3
05036.jpg,1
05037.jpg,2
05038.jpg,2
05039.jpg,3
05040.jpg,0
05041.jpg,2
05042.jpg,7
05043.jpg,3
05044.jpg,1
05045.jpg,5
05046.jpg,6
05047.jpg,1
05048.jpg,4
05049.jpg,7
05050.jpg,2
05051.jpg,4
05052.jpg,2
05053.jpg,0
05054.jpg,9
05055.jpg,7
05056.jpg,7
05057.jpg,8
05058.jpg,7
05059.jpg,9
05060.jpg,6
05061.jpg,6
05062.jpg,7
05063.jpg,4
05064.jpg,7
05065.jpg,1
05066.jpg,5
05067.jpg,7
05068.jpg,8
05069.jpg,5
05070.jpg,8
05071.jpg,5
05072.jpg,6
05073.jpg,0
05074.jpg,5
05075.jpg,9
05076.jpg,9
05077.jpg,7
05078.jpg,7
05079.jpg,7
05080.jpg,6
05081.jpg,0
05082.jpg,4
05083.jpg,3
05084.jpg,7
05085.jpg,1
05086.jpg,8
05087.jpg,6
05088.jpg,3
05089.jpg,9
05090.jpg,2
05091.jpg,6
05092.jpg,2
05093.jpg,5
05094.jpg,4
05095.jpg,8
05096.jpg,1
05097.jpg,5
05098.jpg,5
05099.jpg,1
05100.jpg,6
05101.jpg,1
05102.jpg,9
05103.jpg,0
05104.jpg,5
05105.jpg,1
05106.jpg,2
05107.jpg,0
05108.jpg,3
05109.jpg,6
05110.jpg,0
05111.jpg,1
05112.jpg,2
05113.jpg,7
05114.jpg,9
05115.jpg,4
05116.jpg,3
05117.jpg,1
05118.jpg,1
05119.jpg,0
05120.jpg,0
05121.jpg,5
05122.jpg,0
05123.jpg,6
05124.jpg,1
05125.jpg,4
05126.jpg,0
05127.jpg,7
05128.jpg,7
05129.jpg,6
05130.jpg,3
05131.jpg,8
05132.jpg,4
05133.jpg,5
05134.jpg,2
05135.jpg,9
05136.jpg,9
05137.jpg,3
05138.jpg,3
05139.jpg,3
05140.jpg,2
05141.jpg,0
05142.jpg,1
05143.jpg,5
05144.jpg,7
05145.jpg,1
05146.jpg,4
05147.jpg,3
05148.jpg,7
05149.jpg,9
05150.jpg,0
05151.jpg,3
05152.jpg,8
05153.jpg,9
05154.jpg,4
05155.jpg,4
05156.jpg,4
05157.jpg,8
05158.jpg,4
05159.jpg,5
05160.jpg,7
05161.jpg,7
05162.jpg,1
05163.jpg,3
05164.jpg,2
05165.jpg,6
05166.jpg,2
05167.jpg,3
05168.jpg,0
05169.jpg,5
05170.jpg,2
05171.jpg,3
05172.jpg,4
05173.jpg,9
05174.jpg,9
05175.jpg,5
05176.jpg,5
05177.jpg,2
05178.jpg,9
05179.jpg,3
05180.jpg,9
05181.jpg,7
05182.jpg,2
05183.jpg,9
05184.jpg,7
05185.jpg,9
05186.jpg,2
05187.jpg,3
05188.jpg,2
05189.jpg,1
05190.jpg,7
05191.jpg,3
05192.jpg,1
05193.jpg,7
05194.jpg,4
05195.jpg,6
05196.jpg,9
05197.jpg,2
05198.jpg,8
05199.jpg,5
05200.jpg,4
05201.jpg,2
05202.jpg,4
05203.jpg,0
05204.jpg,4
05205.jpg,3
05206.jpg,2
05207.jpg,3
05208.jpg,3
05209.jpg,3
05210.jpg,0
05211.jpg,0
05212.jpg,9
05213.jpg,5
05214.jpg,1
05215.jpg,7
05216.jpg,1
05217.jpg,0
05218.jpg,7
05219.jpg,6
05220.jpg,2
05221.jpg,0
05222.jpg,4
05223.jpg,8
05224.jpg,6
05225.jpg,7
05226.jpg,0
05227.jpg,0
05228.jpg,3
05229.jpg,7
05230.jpg,9
05231.jpg,4
05232.jpg,7
05233.jpg,3
05234.jpg,7
05235.jpg,7
05236.jpg,7
05237.jpg,0
05238.jpg,4
05239.jpg,6
05240.jpg,1
05241.jpg,3
05242.jpg,4
05243.jpg,9
05244.jpg,8
05245.jpg,0
05246.jpg,1
05247.jpg,4
05248.jpg,2
05249.jpg,0
05250.jpg,4
05251.jpg,9
05252.jpg,3
05253.jpg,4
05254.jpg,5
05255.jpg,5
05256.jpg,8
05257.jpg,3
05258.jpg,8
05259.jpg,2
05260.jpg,8
05261.jpg,8
05262.jpg,1
05263.jpg,4
05264.jpg,2
05265.jpg,9
05266.jpg,2
05267.jpg,1
05268.jpg,8
05269.jpg,9
05270.jpg,6
05271.jpg,1
05272.jpg,8
05273.jpg,0
05274.jpg,5
05275.jpg,3
05276.jpg,4
05277.jpg,8
05278.jpg,0
05279.jpg,4
05280.jpg,3
05281.jpg,4
05282.jpg,4
05283.jpg,3
05284.jpg,7
05285.jpg,0
05286.jpg,7
05287.jpg,3
05288.jpg,4
05289.jpg,4
05290.jpg,0
05291.jpg,5
05292.jpg,3
05293.jpg,3
05294.jpg,0
05295.jpg,9
05296.jpg,7
05297.jpg,5
05298.jpg,0
05299.jpg,1
05300.jpg,6
05301.jpg,5
05302.jpg,4
05303.jpg,6
05304.jpg,3
05305.jpg,7
05306.jpg,7
05307.jpg,9
05308.jpg,3
05309.jpg,2
05310.jpg,0
05311.jpg,9
05312.jpg,9
05313.jpg,5
05314.jpg,6
05315.jpg,1
05316.jpg,3
05317.jpg,7
05318.jpg,1
05319.jpg,1
05320.jpg,2
05321.jpg,7
05322.jpg,7
05323.jpg,4
05324.jpg,1
05325.jpg,4
05326.jpg,6
05327.jpg,3
05328.jpg,6
05329.jpg,7
05330.jpg,0
05331.jpg,8
05332.jpg,0
05333.jpg,4
05334.jpg,9
05335.jpg,3
05336.jpg,1
05337.jpg,2
05338.jpg,7
05339.jpg,0
05340.jpg,8
05341.jpg,2
05342.jpg,5
05343.jpg,0
05344.jpg,4
05345.jpg,2
05346.jpg,3
05347.jpg,6
05348.jpg,7
05349.jpg,3
05350.jpg,9
05351.jpg,2
05352.jpg,7
05353.jpg,8
05354.jpg,3
05355.jpg,2
05356.jpg,7
05357.jpg,1
05358.jpg,1
05359.jpg,3
05360.jpg,2
05361.jpg,4
05362.jpg,9
05363.jpg,4
05364.jpg,2
05365.jpg,4
05366.jpg,4
05367.jpg,1
05368.jpg,5
05369.jpg,7
05370.jpg,4
05371.jpg,6
05372.jpg,9
05373.jpg,7
05374.jpg,4
05375.jpg,6
05376.jpg,4
05377.jpg,2
05378.jpg,9
05379.jpg,3
05380.jpg,6
05381.jpg,0
05382.jpg,3
05383.jpg,7
05384.jpg,4
05385.jpg,6
05386.jpg,4
05387.jpg,2
05388.jpg,7
05389.jpg,1
05390.jpg,2
05391.jpg,4
05392.jpg,5
05393.jpg,3
05394.jpg,1
05395.jpg,3
05396.jpg,6
05397.jpg,1
05398.jpg,3
05399.jpg,3
05400.jpg,5
05401.jpg,9
05402.jpg,7
05403.jpg,9
05404.jpg,7
05405.jpg,6
05406.jpg,7
05407.jpg,6
05408.jpg,7
05409.jpg,2
05410.jpg,0
05411.jpg,2
05412.jpg,6
05413.jpg,8
05414.jpg,7
05415.jpg,5
05416.jpg,0
05417.jpg,6
05418.jpg,4
05419.jpg,7
05420.jpg,1
05421.jpg,6
05422.jpg,1
05423.jpg,0
05424.jpg,9
05425.jpg,7
05426.jpg,7
05427.jpg,1
05428.jpg,0
05429.jpg,8
05430.jpg,6
05431.jpg,4
05432.jpg,3
05433.jpg,4
05434.jpg,4
05435.jpg,4
05436.jpg,5
05437.jpg,1
05438.jpg,9
05439.jpg,0
05440.jpg,8
05441.jpg,6
05442.jpg,4
05443.jpg,6
05444.jpg,8
05445.jpg,1
05446.jpg,6
05447.jpg,0
05448.jpg,7
05449.jpg,1
05450.jpg,9
05451.jpg,9
05452.jpg,9
05453.jpg,5
05454.jpg,9
05455.jpg,8
05456.jpg,7
05457.jpg,3
05458.jpg,7
05459.jpg,0
05460.jpg,9
05461.jpg,1
05462.jpg,7
05463.jpg,2
05464.jpg,0
05465.jpg,0
05466.jpg,3
05467.jpg,7
05468.jpg,9
05469.jpg,6
05470.jpg,3
05471.jpg,4
05472.jpg,5
05473.jpg,5
05474.jpg,6
05475.jpg,7
05476.jpg,0
05477.jpg,1
05478.jpg,5
05479.jpg,5
05480.jpg,5
05481.jpg,9
05482.jpg,6
05483.jpg,7
05484.jpg,0
05485.jpg,3
05486.jpg,3
05487.jpg,0
05488.jpg,7
05489.jpg,6
05490.jpg,9
05491.jpg,2
05492.jpg,5
05493.jpg,2
05494.jpg,9
05495.jpg,3
05496.jpg,3
05497.jpg,1
05498.jpg,9
05499.jpg,0
05500.jpg,1
05501.jpg,2
05502.jpg,2
05503.jpg,5
05504.jpg,8
05505.jpg,8
05506.jpg,4
05507.jpg,0
05508.jpg,5
05509.jpg,7
05510.jpg,2
05511.jpg,0
05512.jpg,9
05513.jpg,0
05514.jpg,6
05515.jpg,6
05516.jpg,4
05517.jpg,4
05518.jpg,3
05519.jpg,4
05520.jpg,8
05521.jpg,5
05522.jpg,7
05523.jpg,2
05524.jpg,5
05525.jpg,7
05526.jpg,0
05527.jpg,7
05528.jpg,3
05529.jpg,1
05530.jpg,6
05531.jpg,2
05532.jpg,1
05533.jpg,1
05534.jpg,6
05535.jpg,7
05536.jpg,6
05537.jpg,8
05538.jpg,4
05539.jpg,4
05540.jpg,3
05541.jpg,7
05542.jpg,6
05543.jpg,5
05544.jpg,6
05545.jpg,1
05546.jpg,3
05547.jpg,0
05548.jpg,0
05549.jpg,7
05550.jpg,4
05551.jpg,3
05552.jpg,2
05553.jpg,8
05554.jpg,6
05555.jpg,8
05556.jpg,0
05557.jpg,4
05558.jpg,4
05559.jpg,9
05560.jpg,7
05561.jpg,1
05562.jpg,9
05563.jpg,6
05564.jpg,9
05565.jpg,3
05566.jpg,0
05567.jpg,8
05568.jpg,3
05569.jpg,0
05570.jpg,8
05571.jpg,2
05572.jpg,5
05573.jpg,8
05574.jpg,1
05575.jpg,8
05576.jpg,9
05577.jpg,9
05578.jpg,9
05579.jpg,0
05580.jpg,5
05581.jpg,2
05582.jpg,4
05583.jpg,4
05584.jpg,7
05585.jpg,0
05586.jpg,3
05587.jpg,5
05588.jpg,4
05589.jpg,5
05590.jpg,1
05591.jpg,5
05592.jpg,0
05593.jpg,1
05594.jpg,8
05595.jpg,3
05596.jpg,0
05597.jpg,2
05598.jpg,3
05599.jpg,6
05600.jpg,4
05601.jpg,8
05602.jpg,2
05603.jpg,1
05604.jpg,5
05605.jpg,3
05606.jpg,1
05607.jpg,1
05608.jpg,0
05609.jpg,3
05610.jpg,2
05611.jpg,6
05612.jpg,5
05613.jpg,2
05614.jpg,3
05615.jpg,9
05616.jpg,9
05617.jpg,4
05618.jpg,9
05619.jpg,8
05620.jpg,9
05621.jpg,0
05622.jpg,8
05623.jpg,5
05624.jpg,5
05625.jpg,6
05626.jpg,9
05627.jpg,2
05628.jpg,8
05629.jpg,6
05630.jpg,2
05631.jpg,6
05632.jpg,0
05633.jpg,8
05634.jpg,4
05635.jpg,7
05636.jpg,4
05637.jpg,3
05638.jpg,6
05639.jpg,6
05640.jpg,2
05641.jpg,1
05642.jpg,3
05643.jpg,6
05644.jpg,0
05645.jpg,6
05646.jpg,1
05647.jpg,6
05648.jpg,7
05649.jpg,8
05650.jpg,5
05651.jpg,6
05652.jpg,1
05653.jpg,2
05654.jpg,6
05655.jpg,7
05656.jpg,3
05657.jpg,9
05658.jpg,3
05659.jpg,8
05660.jpg,1
05661.jpg,5
05662.jpg,1
05663.jpg,7
05664.jpg,4
05665.jpg,1
05666.jpg,2
05667.jpg,3
05668.jpg,9
05669.jpg,6
05670.jpg,2
05671.jpg,4
05672.jpg,6
05673.jpg,3
05674.jpg,4
05675.jpg,5
05676.jpg,6
05677.jpg,2
05678.jpg,1
05679.jpg,0
05680.jpg,5
05681.jpg,1
05682.jpg,3
05683.jpg,6
05684.jpg,2
05685.jpg,3
05686.jpg,6
05687.jpg,7
05688.jpg,0
05689.jpg,9
05690.jpg,6
05691.jpg,8
05692.jpg,6
05693.jpg,3
05694.jpg,3
05695.jpg,3
05696.jpg,4
05697.jpg,2
05698.jpg,7
05699.jpg,7
05700.jpg,8
05701.jpg,6
05702.jpg,8
05703.jpg,8
05704.jpg,4
05705.jpg,6
05706.jpg,5
05707.jpg,3
05708.jpg,9
05709.jpg,7
05710.jpg,3
05711.jpg,3
05712.jpg,4
05713.jpg,4
05714.jpg,3
05715.jpg,4
05716.jpg,1
05717.jpg,7
05718.jpg,9
05719.jpg,2
05720.jpg,3
05721.jpg,8
05722.jpg,4
05723.jpg,5
05724.jpg,1
05725.jpg,4
05726.jpg,7
05727.jpg,3
05728.jpg,9
05729.jpg,4
05730.jpg,3
05731.jpg,2
05732.jpg,1
05733.jpg,1
05734.jpg,2
05735.jpg,4
05736.jpg,0
05737.jpg,4
05738.jpg,6
05739.jpg,3
05740.jpg,1
05741.jpg,1
05742.jpg,1
05743.jpg,5
05744.jpg,6
05745.jpg,7
05746.jpg,9
05747.jpg,1
05748.jpg,5
05749.jpg,2
05750.jpg,3
05751.jpg,7
05752.jpg,9
05753.jpg,8
05754.jpg,9
05755.jpg,0
05756.jpg,6
05757.jpg,6
05758.jpg,1
05759.jpg,3
05760.jpg,1
05761.jpg,4
05762.jpg,2
05763.jpg,2
05764.jpg,3
05765.jpg,4
05766.jpg,3
05767.jpg,9
05768.jpg,9
05769.jpg,0
05770.jpg,0
05771.jpg,0
05772.jpg,1
05773.jpg,4
05774.jpg,9
05775.jpg,8
05776.jpg,7
05777.jpg,2
05778.jpg,9
05779.jpg,5
05780.jpg,0
05781.jpg,3
05782.jpg,6
05783.jpg,0
05784.jpg,9
05785.jpg,5
05786.jpg,3
05787.jpg,6
05788.jpg,9
05789.jpg,9
05790.jpg,2
05791.jpg,4
05792.jpg,0
05793.jpg,8
05794.jpg,3
05795.jpg,5
05796.jpg,7
05797.jpg,0
05798.jpg,0
05799.jpg,4
05800.jpg,9
05801.jpg,9
05802.jpg,4
05803.jpg,5
05804.jpg,0
05805.jpg,5
05806.jpg,8
05807.jpg,9
05808.jpg,4
05809.jpg,7
05810.jpg,1
05811.jpg,6
05812.jpg,0
05813.jpg,2
05814.jpg,3
05815.jpg,5
05816.jpg,2
05817.jpg,6
05818.jpg,4
05819.jpg,2
05820.jpg,0
05821.jpg,7
05822.jpg,4
05823.jpg,0
05824.jpg,5
05825.jpg,3
05826.jpg,2
05827.jpg,9
05828.jpg,0
05829.jpg,4
05830.jpg,3
05831.jpg,1
05832.jpg,6
05833.jpg,4
05834.jpg,4
05835.jpg,7
05836.jpg,3
05837.jpg,2
05838.jpg,3
05839.jpg,9
05840.jpg,5
05841.jpg,3
05842.jpg,4
05843.jpg,3
05844.jpg,4
05845.jpg,4
05846.jpg,6
05847.jpg,5
05848.jpg,5
05849.jpg,6
05850.jpg,7
05851.jpg,5
05852.jpg,2
05853.jpg,3
05854.jpg,7
05855.jpg,4
05856.jpg,6
05857.jpg,0
05858.jpg,3
05859.jpg,9
05860.jpg,7
05861.jpg,7
05862.jpg,5
05863.jpg,1
05864.jpg,3
05865.jpg,3
05866.jpg,3
05867.jpg,6
05868.jpg,6
05869.jpg,3
05870.jpg,5
05871.jpg,1
05872.jpg,5
05873.jpg,1
05874.jpg,0
05875.jpg,6
05876.jpg,2
05877.jpg,3
05878.jpg,7
05879.jpg,1
05880.jpg,5
05881.jpg,8
05882.jpg,9
05883.jpg,9
05884.jpg,3
05885.jpg,3
05886.jpg,3
05887.jpg,4
05888.jpg,9
05889.jpg,6
05890.jpg,3
05891.jpg,0
05892.jpg,1
05893.jpg,3
05894.jpg,0
05895.jpg,7
05896.jpg,6
05897.jpg,0
05898.jpg,3
05899.jpg,8
05900.jpg,0
05901.jpg,1
05902.jpg,7
05903.jpg,7
05904.jpg,4
05905.jpg,5
05906.jpg,9
05907.jpg,1
05908.jpg,3
05909.jpg,4
05910.jpg,4
05911.jpg,0
05912.jpg,4
05913.jpg,7
05914.jpg,3
05915.jpg,5
05916.jpg,6
05917.jpg,1
05918.jpg,3
05919.jpg,6
05920.jpg,1
05921.jpg,5
05922.jpg,0
05923.jpg,3
05924.jpg,0
05925.jpg,9
05926.jpg,7
05927.jpg,1
05928.jpg,5
05929.jpg,6
05930.jpg,7
05931.jpg,0
05932.jpg,7
05933.jpg,8
05934.jpg,6
05935.jpg,9
05936.jpg,2
05937.jpg,1
05938.jpg,9
05939.jpg,5
05940.jpg,5
05941.jpg,3
05942.jpg,9
05943.jpg,4
05944.jpg,4
05945.jpg,0
05946.jpg,3
05947.jpg,6
05948.jpg,6
05949.jpg,6
05950.jpg,2
05951.jpg,2
05952.jpg,5
05953.jpg,5
05954.jpg,9
05955.jpg,3
05956.jpg,1
05957.jpg,5
05958.jpg,5
05959.jpg,1
05960.jpg,1
05961.jpg,9
05962.jpg,6
05963.jpg,5
05964.jpg,6
05965.jpg,7
05966.jpg,1
05967.jpg,2
05968.jpg,3
05969.jpg,2
05970.jpg,3
05971.jpg,9
05972.jpg,4
05973.jpg,0
05974.jpg,1
05975.jpg,4
05976.jpg,9
05977.jpg,6
05978.jpg,2
05979.jpg,8
05980.jpg,4
05981.jpg,5
05982.jpg,1
05983.jpg,4
05984.jpg,2
05985.jpg,8
05986.jpg,5
05987.jpg,4
05988.jpg,2
05989.jpg,0
05990.jpg,2
05991.jpg,4
05992.jpg,6
05993.jpg,3
05994.jpg,4
05995.jpg,2
05996.jpg,2
05997.jpg,2
05998.jpg,6
05999.jpg,7
06000.jpg,3
06001.jpg,4
06002.jpg,9
06003.jpg,1
06004.jpg,7
06005.jpg,2
06006.jpg,3
06007.jpg,5
06008.jpg,0
06009.jpg,8
06010.jpg,4
06011.jpg,2
06012.jpg,3
06013.jpg,5
06014.jpg,5
06015.jpg,7
06016.jpg,2
06017.jpg,5
06018.jpg,2
06019.jpg,5
06020.jpg,4
06021.jpg,9
06022.jpg,0
06023.jpg,2
06024.jpg,9
06025.jpg,8
06026.jpg,3
06027.jpg,5
06028.jpg,6
06029.jpg,5
06030.jpg,7
06031.jpg,2
06032.jpg,3
06033.jpg,2
06034.jpg,2
06035.jpg,8
06036.jpg,1
06037.jpg,5
06038.jpg,0
06039.jpg,4
06040.jpg,1
06041.jpg,4
06042.jpg,3
06043.jpg,0
06044.jpg,9
06045.jpg,6
06046.jpg,6
06047.jpg,6
06048.jpg,5
06049.jpg,9
06050.jpg,6
06051.jpg,3
06052.jpg,8
06053.jpg,6
06054.jpg,4
06055.jpg,3
06056.jpg,0
06057.jpg,1
06058.jpg,6
06059.jpg,0
06060.jpg,8
06061.jpg,5
06062.jpg,2
06063.jpg,7
06064.jpg,0
06065.jpg,9
06066.jpg,4
06067.jpg,8
06068.jpg,7
06069.jpg,1
06070.jpg,4
06071.jpg,4
06072.jpg,4
06073.jpg,1
06074.jpg,5
06075.jpg,8
06076.jpg,3
06077.jpg,9
06078.jpg,8
06079.jpg,7
06080.jpg,4
06081.jpg,7
06082.jpg,0
06083.jpg,4
06084.jpg,9
06085.jpg,4
06086.jpg,9
06087.jpg,4
06088.jpg,7
06089.jpg,1
06090.jpg,3
06091.jpg,1
06092.jpg,0
06093.jpg,5
06094.jpg,4
06095.jpg,8
06096.jpg,3
06097.jpg,9
06098.jpg,0
06099.jpg,9
06100.jpg,2
06101.jpg,9
06102.jpg,1
06103.jpg,1
06104.jpg,6
06105.jpg,5
06106.jpg,0
06107.jpg,3
06108.jpg,5
06109.jpg,1
06110.jpg,7
06111.jpg,0
06112.jpg,4
06113.jpg,8
06114.jpg,9
06115.jpg,2
06116.jpg,5
06117.jpg,4
06118.jpg,8
06119.jpg,1
06120.jpg,8
06121.jpg,3
06122.jpg,7
06123.jpg,3
06124.jpg,5
06125.jpg,5
06126.jpg,3
06127.jpg,2
06128.jpg,3
06129.jpg,4
06130.jpg,2
06131.jpg,6
06132.jpg,2
06133.jpg,9
06134.jpg,5
06135.jpg,4
06136.jpg,6
06137.jpg,5
06138.jpg,9
06139.jpg,6
06140.jpg,7
06141.jpg,7
06142.jpg,9
06143.jpg,6
06144.jpg,8
06145.jpg,1
06146.jpg,4
06147.jpg,9
06148.jpg,0
06149.jpg,3
06150.jpg,8
06151.jpg,1
06152.jpg,2
06153.jpg,9
06154.jpg,5
06155.jpg,5
06156.jpg,6
06157.jpg,4
06158.jpg,6
06159.jpg,2
06160.jpg,5
06161.jpg,7
06162.jpg,3
06163.jpg,4
06164.jpg,5
06165.jpg,4
06166.jpg,2
06167.jpg,2
06168.jpg,8
06169.jpg,5
06170.jpg,5
06171.jpg,0
06172.jpg,3
06173.jpg,9
06174.jpg,3
06175.jpg,8
06176.jpg,7
06177.jpg,4
06178.jpg,0
06179.jpg,5
06180.jpg,1
06181.jpg,9
06182.jpg,4
06183.jpg,9
06184.jpg,2
06185.jpg,1
06186.jpg,4
06187.jpg,1
06188.jpg,1
06189.jpg,4
06190.jpg,7
06191.jpg,1
06192.jpg,7
06193.jpg,9
06194.jpg,2
06195.jpg,4
06196.jpg,7
06197.jpg,9
06198.jpg,5
06199.jpg,1
06200.jpg,9
06201.jpg,8
06202.jpg,7
06203.jpg,7
06204.jpg,8
06205.jpg,8
06206.jpg,2
06207.jpg,6
06208.jpg,7
06209.jpg,2
06210.jpg,7
06211.jpg,4
06212.jpg,9
06213.jpg,2
06214.jpg,0
06215.jpg,8
06216.jpg,1
06217.jpg,3
06218.jpg,2
06219.jpg,3
06220.jpg,3
06221.jpg,3
06222.jpg,9
06223.jpg,7
06224.jpg,5
06225.jpg,2
06226.jpg,6
06227.jpg,3
06228.jpg,6
06229.jpg,5
06230.jpg,5
06231.jpg,0
06232.jpg,5
06233.jpg,4
06234.jpg,3
06235.jpg,8
06236.jpg,2
06237.jpg,5
06238.jpg,9
06239.jpg,1
06240.jpg,1
06241.jpg,6
06242.jpg,5
06243.jpg,7
06244.jpg,6
06245.jpg,4
06246.jpg,6
06247.jpg,4
06248.jpg,3
06249.jpg,3
06250.jpg,3
06251.jpg,2
06252.jpg,3
06253.jpg,9
06254.jpg,7
06255.jpg,9
06256.jpg,9
06257.jpg,9
06258.jpg,1
06259.jpg,5
06260.jpg,1
06261.jpg,8
06262.jpg,2
06263.jpg,0
06264.jpg,1
06265.jpg,3
06266.jpg,4
06267.jpg,2
06268.jpg,3
06269.jpg,8
06270.jpg,0
06271.jpg,7
06272.jpg,4
06273.jpg,3
06274.jpg,9
06275.jpg,4
06276.jpg,8
06277.jpg,5
06278.jpg,8
06279.jpg,2
06280.jpg,0
06281.jpg,2
06282.jpg,2
06283.jpg,7
06284.jpg,0
06285.jpg,1
06286.jpg,8
06287.jpg,3
06288.jpg,9
06289.jpg,3
06290.jpg,0
06291.jpg,4
06292.jpg,8
06293.jpg,8
06294.jpg,6
06295.jpg,1
06296.jpg,0
06297.jpg,9
06298.jpg,0
06299.jpg,1
06300.jpg,0
06301.jpg,7
06302.jpg,3
06303.jpg,9
06304.jpg,4
06305.jpg,0
06306.jpg,5
06307.jpg,5
06308.jpg,9
06309.jpg,6
06310.jpg,7
06311.jpg,4
06312.jpg,7
06313.jpg,7
06314.jpg,4
06315.jpg,1
06316.jpg,9
06317.jpg,9
06318.jpg,6
06319.jpg,3
06320.jpg,0
06321.jpg,6
06322.jpg,2
06323.jpg,1
06324.jpg,9
06325.jpg,1
06326.jpg,1
06327.jpg,2
06328.jpg,5
06329.jpg,2
06330.jpg,8
06331.jpg,1
06332.jpg,2
06333.jpg,7
06334.jpg,6
06335.jpg,1
06336.jpg,2
06337.jpg,9
06338.jpg,1
06339.jpg,3
06340.jpg,6
06341.jpg,8
06342.jpg,7
06343.jpg,6
06344.jpg,0
06345.jpg,4
06346.jpg,8
06347.jpg,2
06348.jpg,3
06349.jpg,2
06350.jpg,6
06351.jpg,5
06352.jpg,9
06353.jpg,4
06354.jpg,4
06355.jpg,8
06356.jpg,2
06357.jpg,5
06358.jpg,0
06359.jpg,7
06360.jpg,9
06361.jpg,1
06362.jpg,0
06363.jpg,2
06364.jpg,0
06365.jpg,2
06366.jpg,2
06367.jpg,9
06368.jpg,8
06369.jpg,1
06370.jpg,1
06371.jpg,4
06372.jpg,6
06373.jpg,2
06374.jpg,9
06375.jpg,0
06376.jpg,6
06377.jpg,3
06378.jpg,2
06379.jpg,7
06380.jpg,9
06381.jpg,4
06382.jpg,7
06383.jpg,4
06384.jpg,7
06385.jpg,3
06386.jpg,4
06387.jpg,3
06388.jpg,7
06389.jpg,8
06390.jpg,7
06391.jpg,8
06392.jpg,3
06393.jpg,4
06394.jpg,1
06395.jpg,5
06396.jpg,7
06397.jpg,3
06398.jpg,7
06399.jpg,8
06400.jpg,3
06401.jpg,7
06402.jpg,1
06403.jpg,7
06404.jpg,3
06405.jpg,5
06406.jpg,2
06407.jpg,9
06408.jpg,2
06409.jpg,1
06410.jpg,3
06411.jpg,4
06412.jpg,0
06413.jpg,5
06414.jpg,4
06415.jpg,1
06416.jpg,3
06417.jpg,8
06418.jpg,4
06419.jpg,3
06420.jpg,4
06421.jpg,4
06422.jpg,5
06423.jpg,3
06424.jpg,3
06425.jpg,7
06426.jpg,0
06427.jpg,9
06428.jpg,4
06429.jpg,7
06430.jpg,4
06431.jpg,6
06432.jpg,1
06433.jpg,5
06434.jpg,2
06435.jpg,9
06436.jpg,1
06437.jpg,1
06438.jpg,6
06439.jpg,6
06440.jpg,8
06441.jpg,2
06442.jpg,3
06443.jpg,2
06444.jpg,7
06445.jpg,6
06446.jpg,6
06447.jpg,8
06448.jpg,9
06449.jpg,1
06450.jpg,3
06451.jpg,6
06452.jpg,1
06453.jpg,7
06454.jpg,3
06455.jpg,4
06456.jpg,2
06457.jpg,8
06458.jpg,3
06459.jpg,6
06460.jpg,3
06461.jpg,6
06462.jpg,6
06463.jpg,8
06464.jpg,8
06465.jpg,4
06466.jpg,3
06467.jpg,9
06468.jpg,2
06469.jpg,6
06470.jpg,8
06471.jpg,1
06472.jpg,7
06473.jpg,7
06474.jpg,7
06475.jpg,0
06476.jpg,0
06477.jpg,2
06478.jpg,1
06479.jpg,4
06480.jpg,5
06481.jpg,5
06482.jpg,9
06483.jpg,4
06484.jpg,4
06485.jpg,1
06486.jpg,0
06487.jpg,5
06488.jpg,1
06489.jpg,1
06490.jpg,6
06491.jpg,5
06492.jpg,1
06493.jpg,3
06494.jpg,5
06495.jpg,9
06496.jpg,4
06497.jpg,6
06498.jpg,6
06499.jpg,7
06500.jpg,9
06501.jpg,4
06502.jpg,4
06503.jpg,5
06504.jpg,3
06505.jpg,4
06506.jpg,2
06507.jpg,3
06508.jpg,3
06509.jpg,2
06510.jpg,6
06511.jpg,3
06512.jpg,2
06513.jpg,7
06514.jpg,7
06515.jpg,9
06516.jpg,0
06517.jpg,7
06518.jpg,3
06519.jpg,6
06520.jpg,0
06521.jpg,4
06522.jpg,6
06523.jpg,7
06524.jpg,7
06525.jpg,0
06526.jpg,5
06527.jpg,5
06528.jpg,2
06529.jpg,1
06530.jpg,4
06531.jpg,0
06532.jpg,3
06533.jpg,4
06534.jpg,1
06535.jpg,3
06536.jpg,3
06537.jpg,0
06538.jpg,0
06539.jpg,1
06540.jpg,7
06541.jpg,4
06542.jpg,5
06543.jpg,0
06544.jpg,3
06545.jpg,7
06546.jpg,2
06547.jpg,8
06548.jpg,3
06549.jpg,8
06550.jpg,3
06551.jpg,3
06552.jpg,5
06553.jpg,9
06554.jpg,3
06555.jpg,2
06556.jpg,1
06557.jpg,0
06558.jpg,9
06559.jpg,7
06560.jpg,1
06561.jpg,4
06562.jpg,6
06563.jpg,1
06564.jpg,0
06565.jpg,8
06566.jpg,4
06567.jpg,3
06568.jpg,1
06569.jpg,0
06570.jpg,3
06571.jpg,6
06572.jpg,5
06573.jpg,6
06574.jpg,1
06575.jpg,8
06576.jpg,5
06577.jpg,7
06578.jpg,4
06579.jpg,8
06580.jpg,4
06581.jpg,6
06582.jpg,0
06583.jpg,7
06584.jpg,7
06585.jpg,3
06586.jpg,4
06587.jpg,9
06588.jpg,5
06589.jpg,1
06590.jpg,9
06591.jpg,9
06592.jpg,0
06593.jpg,7
06594.jpg,2
06595.jpg,1
06596.jpg,8
06597.jpg,6
06598.jpg,1
06599.jpg,3
06600.jpg,2
06601.jpg,7
06602.jpg,0
06603.jpg,5
06604.jpg,3
06605.jpg,9
06606.jpg,7
06607.jpg,7
06608.jpg,7
06609.jpg,1
06610.jpg,4
06611.jpg,6
06612.jpg,9
06613.jpg,5
06614.jpg,8
06615.jpg,4
06616.jpg,3
06617.jpg,8
06618.jpg,7
06619.jpg,1
06620.jpg,5
06621.jpg,4
06622.jpg,3
06623.jpg,0
06624.jpg,0
06625.jpg,5
06626.jpg,4
06627.jpg,8
06628.jpg,3
06629.jpg,7
06630.jpg,6
06631.jpg,2
06632.jpg,2
06633.jpg,8
06634.jpg,3
06635.jpg,7
06636.jpg,1
06637.jpg,2
06638.jpg,8
06639.jpg,3
06640.jpg,7
06641.jpg,4
06642.jpg,2
06643.jpg,3
06644.jpg,2
06645.jpg,1
06646.jpg,0
06647.jpg,3
06648.jpg,5
06649.jpg,0
06650.jpg,3
06651.jpg,1
06652.jpg,8
06653.jpg,2
06654.jpg,3
06655.jpg,1
06656.jpg,4
06657.jpg,7
06658.jpg,3
06659.jpg,9
06660.jpg,4
06661.jpg,6
06662.jpg,5
06663.jpg,9
06664.jpg,4
06665.jpg,9
06666.jpg,2
06667.jpg,6
06668.jpg,5
06669.jpg,4
06670.jpg,2
06671.jpg,4
06672.jpg,0
06673.jpg,9
06674.jpg,2
06675.jpg,8
06676.jpg,1
06677.jpg,1
06678.jpg,9
06679.jpg,7
06680.jpg,6
06681.jpg,0
06682.jpg,4
06683.jpg,0
06684.jpg,9
06685.jpg,3
06686.jpg,6
06687.jpg,2
06688.jpg,1
06689.jpg,9
06690.jpg,5
06691.jpg,9
06692.jpg,6
06693.jpg,2
06694.jpg,4
06695.jpg,8
06696.jpg,2
06697.jpg,4
06698.jpg,0
06699.jpg,8
06700.jpg,1
06701.jpg,3
06702.jpg,8
06703.jpg,9
06704.jpg,2
06705.jpg,0
06706.jpg,0
06707.jpg,7
06708.jpg,4
06709.jpg,3
06710.jpg,8
06711.jpg,7
06712.jpg,4
06713.jpg,0
06714.jpg,0
06715.jpg,1
06716.jpg,3
06717.jpg,5
06718.jpg,8
06719.jpg,8
06720.jpg,1
06721.jpg,2
06722.jpg,3
06723.jpg,7
06724.jpg,4
06725.jpg,3
06726.jpg,3
06727.jpg,7
06728.jpg,0
06729.jpg,7
06730.jpg,9
06731.jpg,4
06732.jpg,5
06733.jpg,2
06734.jpg,0
06735.jpg,0
06736.jpg,2
06737.jpg,7
06738.jpg,2
06739.jpg,3
06740.jpg,8
06741.jpg,5
06742.jpg,9
06743.jpg,9
06744.jpg,5
06745.jpg,1
06746.jpg,2
06747.jpg,3
06748.jpg,4
06749.jpg,0
06750.jpg,6
06751.jpg,0
06752.jpg,3
06753.jpg,0
06754.jpg,6
06755.jpg,9
06756.jpg,4
06757.jpg,1
06758.jpg,5
06759.jpg,4
06760.jpg,0
06761.jpg,9
06762.jpg,7
06763.jpg,2
06764.jpg,9
06765.jpg,7
06766.jpg,2
06767.jpg,5
06768.jpg,5
06769.jpg,9
06770.jpg,4
06771.jpg,6
06772.jpg,5
06773.jpg,3
06774.jpg,9
06775.jpg,2
06776.jpg,8
06777.jpg,5
06778.jpg,8
06779.jpg,5
06780.jpg,4
06781.jpg,8
06782.jpg,1
06783.jpg,8
06784.jpg,5
06785.jpg,0
06786.jpg,7
06787.jpg,2
06788.jpg,4
06789.jpg,2
06790.jpg,6
06791.jpg,2
06792.jpg,2
06793.jpg,6
06794.jpg,4
06795.jpg,4
06796.jpg,4
06797.jpg,9
06798.jpg,2
06799.jpg,3
06800.jpg,4
06801.jpg,1
06802.jpg,9
06803.jpg,1
06804.jpg,3
06805.jpg,1
06806.jpg,1
06807.jpg,0
06808.jpg,0
06809.jpg,4
06810.jpg,3
06811.jpg,8
06812.jpg,1
06813.jpg,1
06814.jpg,5
06815.jpg,3
06816.jpg,4
06817.jpg,0
06818.jpg,6
06819.jpg,0
06820.jpg,3
06821.jpg,8
06822.jpg,8
06823.jpg,4
06824.jpg,4
06825.jpg,5
06826.jpg,0
06827.jpg,3
06828.jpg,9
06829.jpg,9
06830.jpg,3
06831.jpg,3
06832.jpg,2
06833.jpg,6
06834.jpg,2
06835.jpg,3
06836.jpg,4
06837.jpg,3
06838.jpg,0
06839.jpg,0
06840.jpg,4
06841.jpg,5
06842.jpg,7
06843.jpg,4
06844.jpg,5
06845.jpg,1
06846.jpg,6
06847.jpg,0
06848.jpg,8
06849.jpg,6
06850.jpg,1
06851.jpg,0
06852.jpg,3
06853.jpg,6
06854.jpg,0
06855.jpg,4
06856.jpg,2
06857.jpg,3
06858.jpg,6
06859.jpg,2
06860.jpg,2
06861.jpg,5
06862.jpg,3
06863.jpg,2
06864.jpg,7
06865.jpg,8
06866.jpg,7
06867.jpg,3
06868.jpg,5
06869.jpg,6
06870.jpg,3
06871.jpg,7
06872.jpg,0
06873.jpg,3
06874.jpg,1
06875.jpg,9
06876.jpg,1
06877.jpg,8
06878.jpg,0
06879.jpg,2
06880.jpg,0
06881.jpg,0
06882.jpg,3
06883.jpg,6
06884.jpg,0
06885.jpg,6
06886.jpg,3
06887.jpg,9
06888.jpg,5
06889.jpg,3
06890.jpg,0
06891.jpg,2
06892.jpg,1
06893.jpg,5
06894.jpg,5
06895.jpg,0
06896.jpg,4
06897.jpg,7
06898.jpg,8
06899.jpg,3
06900.jpg,2
06901.jpg,0
06902.jpg,1
06903.jpg,5
06904.jpg,7
06905.jpg,0
06906.jpg,1
06907.jpg,9
06908.jpg,3
06909.jpg,9
06910.jpg,2
06911.jpg,3
06912.jpg,3
06913.jpg,4
06914.jpg,2
06915.jpg,2
06916.jpg,3
06917.jpg,1
06918.jpg,8
06919.jpg,5
06920.jpg,6
06921.jpg,0
06922.jpg,3
06923.jpg,4
06924.jpg,4
06925.jpg,7
06926.jpg,4
06927.jpg,2
06928.jpg,7
06929.jpg,6
06930.jpg,5
06931.jpg,9
06932.jpg,5
06933.jpg,6
06934.jpg,8
06935.jpg,0
06936.jpg,0
06937.jpg,5
06938.jpg,3
06939.jpg,1
06940.jpg,4
06941.jpg,1
06942.jpg,2
06943.jpg,5
06944.jpg,7
06945.jpg,7
06946.jpg,4
06947.jpg,0
06948.jpg,9
06949.jpg,9
06950.jpg,1
06951.jpg,7
06952.jpg,6
06953.jpg,4
06954.jpg,0
06955.jpg,9
06956.jpg,9
06957.jpg,6
06958.jpg,3
06959.jpg,2
06960.jpg,2
06961.jpg,7
06962.jpg,7
06963.jpg,6
06964.jpg,1
06965.jpg,5
06966.jpg,1
06967.jpg,4
06968.jpg,8
06969.jpg,9
06970.jpg,8
06971.jpg,2
06972.jpg,7
06973.jpg,0
06974.jpg,7
06975.jpg,5
06976.jpg,6
06977.jpg,0
06978.jpg,7
06979.jpg,6
06980.jpg,3
06981.jpg,0
06982.jpg,9
06983.jpg,7
06984.jpg,0
06985.jpg,7
06986.jpg,0
06987.jpg,0
06988.jpg,9
06989.jpg,7
06990.jpg,2
06991.jpg,1
06992.jpg,3
06993.jpg,0
06994.jpg,7
06995.jpg,1
06996.jpg,2
06997.jpg,9
06998.jpg,4
06999.jpg,9
07000.jpg,0
07001.jpg,1
07002.jpg,9
07003.jpg,5
07004.jpg,6
07005.jpg,9
07006.jpg,5
07007.jpg,4
07008.jpg,5
07009.jpg,6
07010.jpg,6
07011.jpg,3
07012.jpg,7
07013.jpg,9
07014.jpg,1
07015.jpg,5
07016.jpg,7
07017.jpg,3
07018.jpg,3
07019.jpg,0
07020.jpg,7
07021.jpg,7
07022.jpg,1
07023.jpg,2
07024.jpg,2
07025.jpg,3
07026.jpg,7
07027.jpg,1
07028.jpg,1
07029.jpg,4
07030.jpg,7
07031.jpg,4
07032.jpg,6
07033.jpg,7
07034.jpg,6
07035.jpg,4
07036.jpg,4
07037.jpg,3
07038.jpg,1
07039.jpg,8
07040.jpg,2
07041.jpg,3
07042.jpg,9
07043.jpg,2
07044.jpg,0
07045.jpg,4
07046.jpg,2
07047.jpg,2
07048.jpg,5
07049.jpg,6
07050.jpg,7
07051.jpg,2
07052.jpg,0
07053.jpg,2
07054.jpg,6
07055.jpg,0
07056.jpg,7
07057.jpg,9
07058.jpg,0
07059.jpg,5
07060.jpg,2
07061.jpg,8
07062.jpg,4
07063.jpg,5
07064.jpg,9
07065.jpg,0
07066.jpg,3
07067.jpg,6
07068.jpg,5
07069.jpg,0
07070.jpg,3
07071.jpg,1
07072.jpg,7
07073.jpg,1
07074.jpg,7
07075.jpg,5
07076.jpg,0
07077.jpg,9
07078.jpg,0
07079.jpg,5
07080.jpg,2
07081.jpg,3
07082.jpg,1
07083.jpg,1
07084.jpg,7
07085.jpg,2
07086.jpg,0
07087.jpg,2
07088.jpg,4
07089.jpg,0
07090.jpg,9
07091.jpg,1
07092.jpg,4
07093.jpg,2
07094.jpg,9
07095.jpg,6
07096.jpg,5
07097.jpg,9
07098.jpg,3
07099.jpg,6
07100.jpg,4
07101.jpg,4
07102.jpg,3
07103.jpg,4
07104.jpg,0
07105.jpg,1
07106.jpg,0
07107.jpg,3
07108.jpg,2
07109.jpg,8
07110.jpg,3
07111.jpg,2
07112.jpg,2
07113.jpg,5
07114.jpg,2
07115.jpg,9
07116.jpg,5
07117.jpg,9
07118.jpg,8
07119.jpg,9
07120.jpg,0
07121.jpg,2
07122.jpg,0
07123.jpg,1
07124.jpg,8
07125.jpg,8
07126.jpg,4
07127.jpg,3
07128.jpg,2
07129.jpg,9
07130.jpg,1
07131.jpg,5
07132.jpg,9
07133.jpg,6
07134.jpg,6
07135.jpg,2
07136.jpg,9
07137.jpg,1
07138.jpg,6
07139.jpg,1
07140.jpg,3
07141.jpg,1
07142.jpg,5
07143.jpg,3
07144.jpg,7
07145.jpg,3
07146.jpg,5
07147.jpg,8
07148.jpg,4
07149.jpg,0
07150.jpg,4
07151.jpg,3
07152.jpg,6
07153.jpg,9
07154.jpg,9
07155.jpg,8
07156.jpg,8
07157.jpg,2
07158.jpg,8
07159.jpg,7
07160.jpg,4
07161.jpg,7
07162.jpg,9
07163.jpg,1
07164.jpg,0
07165.jpg,7
07166.jpg,8
07167.jpg,9
07168.jpg,2
07169.jpg,3
07170.jpg,2
07171.jpg,2
07172.jpg,2
07173.jpg,7
07174.jpg,8
07175.jpg,1
07176.jpg,8
07177.jpg,9
07178.jpg,2
07179.jpg,0
07180.jpg,7
07181.jpg,5
07182.jpg,6
07183.jpg,0
07184.jpg,5
07185.jpg,8
07186.jpg,4
07187.jpg,8
07188.jpg,4
07189.jpg,4
07190.jpg,7
07191.jpg,3
07192.jpg,1
07193.jpg,2
07194.jpg,0
07195.jpg,6
07196.jpg,2
07197.jpg,6
07198.jpg,7
07199.jpg,8
07200.jpg,6
07201.jpg,5
07202.jpg,3
07203.jpg,2
07204.jpg,5
07205.jpg,2
07206.jpg,0
07207.jpg,4
07208.jpg,3
07209.jpg,9
07210.jpg,5
07211.jpg,9
07212.jpg,1
07213.jpg,3
07214.jpg,0
07215.jpg,0
07216.jpg,3
07217.jpg,3
07218.jpg,9
07219.jpg,3
07220.jpg,2
07221.jpg,6
07222.jpg,4
07223.jpg,5
07224.jpg,6
07225.jpg,5
07226.jpg,0
07227.jpg,5
07228.jpg,9
07229.jpg,4
07230.jpg,7
07231.jpg,1
07232.jpg,3
07233.jpg,0
07234.jpg,5
07235.jpg,3
07236.jpg,2
07237.jpg,4
07238.jpg,9
07239.jpg,6
07240.jpg,1
07241.jpg,3
07242.jpg,1
07243.jpg,0
07244.jpg,9
07245.jpg,3
07246.jpg,7
07247.jpg,7
07248.jpg,2
07249.jpg,7
07250.jpg,3
07251.jpg,3
07252.jpg,9
07253.jpg,6
07254.jpg,3
07255.jpg,3
07256.jpg,7
07257.jpg,9
07258.jpg,3
07259.jpg,1
07260.jpg,2
07261.jpg,6
07262.jpg,2
07263.jpg,2
07264.jpg,2
07265.jpg,9
07266.jpg,9
07267.jpg,2
07268.jpg,1
07269.jpg,7
07270.jpg,9
07271.jpg,5
07272.jpg,3
07273.jpg,2
07274.jpg,4
07275.jpg,5
07276.jpg,6
07277.jpg,4
07278.jpg,9
07279.jpg,0
07280.jpg,7
07281.jpg,7
07282.jpg,3
07283.jpg,3
07284.jpg,8
07285.jpg,7
07286.jpg,2
07287.jpg,0
07288.jpg,3
07289.jpg,1
07290.jpg,0
07291.jpg,2
07292.jpg,3
07293.jpg,0
07294.jpg,3
07295.jpg,8
07296.jpg,8
07297.jpg,1
07298.jpg,6
07299.jpg,6
07300.jpg,2
07301.jpg,9
07302.jpg,9
07303.jpg,2
07304.jpg,4
07305.jpg,2
07306.jpg,8
07307.jpg,2
07308.jpg,1
07309.jpg,2
07310.jpg,1
07311.jpg,6
07312.jpg,5
07313.jpg,1
07314.jpg,4
07315.jpg,0
07316.jpg,1
07317.jpg,0
07318.jpg,5
07319.jpg,3
07320.jpg,8
07321.jpg,2
07322.jpg,0
07323.jpg,0
07324.jpg,3
07325.jpg,3
07326.jpg,0
07327.jpg,0
07328.jpg,5
07329.jpg,9
07330.jpg,7
07331.jpg,5
07332.jpg,1
07333.jpg,9
07334.jpg,7
07335.jpg,7
07336.jpg,2
07337.jpg,9
07338.jpg,8
07339.jpg,2
07340.jpg,3
07341.jpg,3
07342.jpg,9
07343.jpg,0
07344.jpg,8
07345.jpg,1
07346.jpg,2
07347.jpg,3
07348.jpg,1
07349.jpg,8
07350.jpg,2
07351.jpg,3
07352.jpg,9
07353.jpg,4
07354.jpg,6
07355.jpg,5
07356.jpg,3
07357.jpg,4
07358.jpg,8
07359.jpg,5
07360.jpg,4
07361.jpg,3
07362.jpg,4
07363.jpg,0
07364.jpg,0
07365.jpg,2
07366.jpg,1
07367.jpg,2
07368.jpg,6
07369.jpg,8
07370.jpg,4
07371.jpg,3
07372.jpg,2
07373.jpg,0
07374.jpg,6
07375.jpg,7
07376.jpg,8
07377.jpg,0
07378.jpg,8
07379.jpg,2
07380.jpg,0
07381.jpg,6
07382.jpg,1
07383.jpg,8
07384.jpg,2
07385.jpg,9
07386.jpg,8
07387.jpg,3
07388.jpg,0
07389.jpg,5
07390.jpg,7
07391.jpg,0
07392.jpg,5
07393.jpg,5
07394.jpg,3
07395.jpg,6
07396.jpg,9
07397.jpg,3
07398.jpg,1
07399.jpg,2
07400.jpg,7
07401.jpg,8
07402.jpg,6
07403.jpg,2
07404.jpg,2
07405.jpg,2
07406.jpg,4
07407.jpg,0
07408.jpg,7
07409.jpg,6
07410.jpg,7
07411.jpg,8
07412.jpg,1
07413.jpg,4
07414.jpg,4
07415.jpg,1
07416.jpg,0
07417.jpg,6
07418.jpg,6
07419.jpg,3
07420.jpg,4
07421.jpg,5
07422.jpg,1
07423.jpg,1
07424.jpg,1
07425.jpg,6
07426.jpg,3
07427.jpg,7
07428.jpg,2
07429.jpg,3
07430.jpg,2
07431.jpg,7
07432.jpg,3
07433.jpg,0
07434.jpg,0
07435.jpg,9
07436.jpg,2
07437.jpg,3
07438.jpg,9
07439.jpg,3
07440.jpg,9
07441.jpg,0
07442.jpg,4
07443.jpg,0
07444.jpg,1
07445.jpg,7
07446.jpg,2
07447.jpg,1
07448.jpg,9
07449.jpg,1
07450.jpg,0
07451.jpg,9
07452.jpg,8
07453.jpg,3
07454.jpg,2
07455.jpg,1
07456.jpg,3
07457.jpg,4
07458.jpg,1
07459.jpg,2
07460.jpg,3
07461.jpg,1
07462.jpg,4
07463.jpg,1
07464.jpg,0
07465.jpg,7
07466.jpg,9
07467.jpg,4
07468.jpg,9
07469.jpg,8
07470.jpg,6
07471.jpg,8
07472.jpg,3
07473.jpg,6
07474.jpg,5
07475.jpg,9
07476.jpg,6
07477.jpg,5
07478.jpg,3
07479.jpg,8
07480.jpg,3
07481.jpg,3
07482.jpg,6
07483.jpg,7
07484.jpg,0
07485.jpg,6
07486.jpg,3
07487.jpg,7
07488.jpg,6
07489.jpg,7
07490.jpg,4
07491.jpg,6
07492.jpg,4
07493.jpg,9
07494.jpg,5
07495.jpg,0
07496.jpg,9
07497.jpg,6
07498.jpg,7
07499.jpg,3
07500.jpg,9
07501.jpg,4
07502.jpg,7
07503.jpg,4
07504.jpg,2
07505.jpg,7
07506.jpg,0
07507.jpg,5
07508.jpg,0
07509.jpg,1
07510.jpg,7
07511.jpg,3
07512.jpg,9
07513.jpg,2
07514.jpg,8
07515.jpg,3
07516.jpg,7
07517.jpg,6
07518.jpg,4
07519.jpg,0
07520.jpg,6
07521.jpg,4
07522.jpg,5
07523.jpg,0
07524.jpg,7
07525.jpg,1
07526.jpg,1
07527.jpg,0
07528.jpg,7
07529.jpg,8
07530.jpg,0
07531.jpg,6
07532.jpg,7
07533.jpg,6
07534.jpg,6
07535.jpg,9
07536.jpg,9
07537.jpg,1
07538.jpg,3
07539.jpg,9
07540.jpg,9
07541.jpg,3
07542.jpg,1
07543.jpg,9
07544.jpg,7
07545.jpg,0
07546.jpg,9
07547.jpg,1
07548.jpg,9
07549.jpg,0
07550.jpg,3
07551.jpg,1
07552.jpg,2
07553.jpg,6
07554.jpg,3
07555.jpg,1
07556.jpg,6
07557.jpg,3
07558.jpg,3
07559.jpg,7
07560.jpg,0
07561.jpg,3
07562.jpg,2
07563.jpg,0
07564.jpg,9
07565.jpg,2
07566.jpg,3
07567.jpg,8
07568.jpg,1
07569.jpg,8
07570.jpg,1
07571.jpg,0
07572.jpg,4
07573.jpg,7
07574.jpg,4
07575.jpg,9
07576.jpg,3
07577.jpg,2
07578.jpg,5
07579.jpg,7
07580.jpg,1
07581.jpg,7
07582.jpg,1
07583.jpg,0
07584.jpg,6
07585.jpg,7
07586.jpg,8
07587.jpg,1
07588.jpg,9
07589.jpg,8
07590.jpg,0
07591.jpg,3
07592.jpg,4
07593.jpg,3
07594.jpg,1
07595.jpg,3
07596.jpg,6
07597.jpg,3
07598.jpg,8
07599.jpg,7
07600.jpg,9
07601.jpg,4
07602.jpg,1
07603.jpg,3
07604.jpg,1
07605.jpg,1
07606.jpg,7
07607.jpg,1
07608.jpg,9
07609.jpg,6
07610.jpg,3
07611.jpg,2
07612.jpg,2
07613.jpg,1
07614.jpg,4
07615.jpg,6
07616.jpg,0
07617.jpg,3
07618.jpg,1
07619.jpg,1
07620.jpg,2
07621.jpg,3
07622.jpg,7
07623.jpg,8
07624.jpg,5
07625.jpg,6
07626.jpg,4
07627.jpg,2
07628.jpg,2
07629.jpg,4
07630.jpg,3
07631.jpg,2
07632.jpg,5
07633.jpg,3
07634.jpg,4
07635.jpg,3
07636.jpg,6
07637.jpg,1
07638.jpg,4
07639.jpg,4
07640.jpg,7
07641.jpg,8
07642.jpg,7
07643.jpg,1
07644.jpg,2
07645.jpg,8
07646.jpg,2
07647.jpg,7
07648.jpg,1
07649.jpg,9
07650.jpg,9
07651.jpg,5
07652.jpg,2
07653.jpg,7
07654.jpg,6
07655.jpg,3
07656.jpg,9
07657.jpg,0
07658.jpg,1
07659.jpg,5
07660.jpg,9
07661.jpg,6
07662.jpg,5
07663.jpg,1
07664.jpg,0
07665.jpg,3
07666.jpg,9
07667.jpg,8
07668.jpg,8
07669.jpg,6
07670.jpg,3
07671.jpg,9
07672.jpg,7
07673.jpg,7
07674.jpg,6
07675.jpg,4
07676.jpg,3
07677.jpg,9
07678.jpg,9
07679.jpg,6
07680.jpg,8
07681.jpg,4
07682.jpg,8
07683.jpg,1
07684.jpg,7
07685.jpg,7
07686.jpg,0
07687.jpg,7
07688.jpg,4
07689.jpg,7
07690.jpg,0
07691.jpg,6
07692.jpg,8
07693.jpg,3
07694.jpg,7
07695.jpg,1
07696.jpg,2
07697.jpg,2
07698.jpg,6
07699.jpg,1
07700.jpg,2
07701.jpg,2
07702.jpg,7
07703.jpg,3
07704.jpg,5
07705.jpg,0
07706.jpg,3
07707.jpg,7
07708.jpg,5
07709.jpg,3
07710.jpg,5
07711.jpg,8
07712.jpg,3
07713.jpg,6
07714.jpg,6
07715.jpg,9
07716.jpg,8
07717.jpg,1
07718.jpg,1
07719.jpg,3
07720.jpg,8
07721.jpg,9
07722.jpg,0
07723.jpg,0
07724.jpg,4
07725.jpg,1
07726.jpg,0
07727.jpg,8
07728.jpg,8
07729.jpg,6
07730.jpg,3
07731.jpg,6
07732.jpg,4
07733.jpg,6
07734.jpg,3
07735.jpg,7
07736.jpg,1
07737.jpg,7
07738.jpg,2
07739.jpg,5
07740.jpg,6
07741.jpg,7
07742.jpg,4
07743.jpg,6
07744.jpg,1
07745.jpg,2
07746.jpg,2
07747.jpg,1
07748.jpg,3
07749.jpg,6
07750.jpg,8
07751.jpg,6
07752.jpg,1
07753.jpg,9
07754.jpg,1
07755.jpg,7
07756.jpg,6
07757.jpg,3
07758.jpg,9
07759.jpg,4
07760.jpg,1
07761.jpg,2
07762.jpg,0
07763.jpg,9
07764.jpg,1
07765.jpg,4
07766.jpg,4
07767.jpg,3
07768.jpg,3
07769.jpg,9
07770.jpg,5
07771.jpg,0
07772.jpg,3
07773.jpg,3
07774.jpg,3
07775.jpg,4
07776.jpg,3
07777.jpg,2
07778.jpg,6
07779.jpg,5
07780.jpg,0
07781.jpg,2
07782.jpg,6
07783.jpg,2
07784.jpg,9
07785.jpg,6
07786.jpg,4
07787.jpg,1
07788.jpg,6
07789.jpg,3
07790.jpg,4
07791.jpg,0
07792.jpg,3
07793.jpg,5
07794.jpg,5
07795.jpg,6
07796.jpg,2
07797.jpg,7
07798.jpg,2
07799.jpg,1
07800.jpg,7
07801.jpg,3
07802.jpg,6
07803.jpg,3
07804.jpg,4
07805.jpg,8
07806.jpg,7
07807.jpg,4
07808.jpg,1
07809.jpg,6
07810.jpg,7
07811.jpg,8
07812.jpg,5
07813.jpg,4
07814.jpg,7
07815.jpg,1
07816.jpg,3
07817.jpg,8
07818.jpg,3
07819.jpg,4
07820.jpg,4
07821.jpg,4
07822.jpg,0
07823.jpg,7
07824.jpg,3
07825.jpg,7
07826.jpg,5
07827.jpg,2
07828.jpg,2
07829.jpg,0
07830.jpg,8
07831.jpg,0
07832.jpg,3
07833.jpg,8
07834.jpg,8
07835.jpg,8
07836.jpg,3
07837.jpg,0
07838.jpg,6
07839.jpg,0
07840.jpg,7
07841.jpg,5
07842.jpg,5
07843.jpg,7
07844.jpg,6
07845.jpg,7
07846.jpg,2
07847.jpg,0
07848.jpg,8
07849.jpg,4
07850.jpg,3
07851.jpg,2
07852.jpg,6
07853.jpg,3
07854.jpg,6
07855.jpg,4
07856.jpg,8
07857.jpg,4
07858.jpg,9
07859.jpg,9
07860.jpg,2
07861.jpg,1
07862.jpg,3
07863.jpg,2
07864.jpg,6
07865.jpg,8
07866.jpg,5
07867.jpg,6
07868.jpg,3
07869.jpg,5
07870.jpg,6
07871.jpg,7
07872.jpg,1
07873.jpg,4
07874.jpg,8
07875.jpg,4
07876.jpg,7
07877.jpg,3
07878.jpg,0
07879.jpg,6
07880.jpg,7
07881.jpg,7
07882.jpg,3
07883.jpg,7
07884.jpg,1
07885.jpg,1
07886.jpg,7
07887.jpg,3
07888.jpg,9
07889.jpg,5
07890.jpg,4
07891.jpg,2
07892.jpg,1
07893.jpg,4
07894.jpg,1
07895.jpg,0
07896.jpg,5
07897.jpg,0
07898.jpg,5
07899.jpg,8
07900.jpg,9
07901.jpg,0
07902.jpg,8
07903.jpg,6
07904.jpg,0
07905.jpg,1
07906.jpg,1
07907.jpg,1
07908.jpg,8
07909.jpg,2
07910.jpg,6
07911.jpg,0
07912.jpg,3
07913.jpg,5
07914.jpg,1
07915.jpg,8
07916.jpg,2
07917.jpg,1
07918.jpg,3
07919.jpg,0
07920.jpg,0
07921.jpg,5
07922.jpg,3
07923.jpg,9
07924.jpg,8
07925.jpg,4
07926.jpg,3
07927.jpg,0
07928.jpg,7
07929.jpg,2
07930.jpg,4
07931.jpg,6
07932.jpg,7
07933.jpg,2
07934.jpg,3
07935.jpg,4
07936.jpg,3
07937.jpg,9
07938.jpg,6
07939.jpg,6
07940.jpg,7
07941.jpg,4
07942.jpg,3
07943.jpg,0
07944.jpg,5
07945.jpg,0
07946.jpg,4
07947.jpg,6
07948.jpg,3
07949.jpg,1
07950.jpg,8
07951.jpg,7
07952.jpg,0
07953.jpg,3
07954.jpg,3
07955.jpg,3
07956.jpg,4
07957.jpg,2
07958.jpg,7
07959.jpg,7
07960.jpg,0
07961.jpg,2
07962.jpg,0
07963.jpg,4
07964.jpg,2
07965.jpg,3
07966.jpg,9
07967.jpg,9
07968.jpg,8
07969.jpg,3
07970.jpg,3
07971.jpg,3
07972.jpg,6
07973.jpg,3
07974.jpg,5
07975.jpg,4
07976.jpg,6
07977.jpg,0
07978.jpg,7
07979.jpg,2
07980.jpg,1
07981.jpg,1
07982.jpg,5
07983.jpg,2
07984.jpg,4
07985.jpg,6
07986.jpg,4
07987.jpg,3
07988.jpg,4
07989.jpg,4
07990.jpg,2
07991.jpg,1
07992.jpg,6
07993.jpg,3
07994.jpg,1
07995.jpg,0
07996.jpg,9
07997.jpg,8
07998.jpg,2
07999.jpg,8
08000.jpg,2
08001.jpg,4
08002.jpg,0
08003.jpg,5
08004.jpg,8
08005.jpg,1
08006.jpg,9
08007.jpg,0
08008.jpg,0
08009.jpg,7
08010.jpg,3
08011.jpg,3
08012.jpg,2
08013.jpg,4
08014.jpg,6
08015.jpg,4
08016.jpg,0
08017.jpg,6
08018.jpg,1
08019.jpg,5
08020.jpg,0
08021.jpg,1
08022.jpg,0
08023.jpg,5
08024.jpg,0
08025.jpg,6
08026.jpg,2
08027.jpg,9
08028.jpg,4
08029.jpg,0
08030.jpg,2
08031.jpg,4
08032.jpg,7
08033.jpg,1
08034.jpg,3
08035.jpg,1
08036.jpg,8
08037.jpg,3
08038.jpg,4
08039.jpg,5
08040.jpg,3
08041.jpg,5
08042.jpg,2
08043.jpg,3
08044.jpg,1
08045.jpg,4
08046.jpg,0
08047.jpg,9
08048.jpg,9
08049.jpg,2
08050.jpg,4
08051.jpg,6
08052.jpg,7
08053.jpg,9
08054.jpg,9
08055.jpg,4
08056.jpg,4
08057.jpg,8
08058.jpg,8
08059.jpg,9
08060.jpg,7
08061.jpg,1
08062.jpg,5
08063.jpg,3
08064.jpg,3
08065.jpg,2
08066.jpg,2
08067.jpg,7
08068.jpg,3
08069.jpg,6
08070.jpg,5
08071.jpg,4
08072.jpg,2
08073.jpg,1
08074.jpg,4
08075.jpg,5
08076.jpg,5
08077.jpg,7
08078.jpg,6
08079.jpg,5
08080.jpg,4
08081.jpg,1
08082.jpg,8
08083.jpg,9
08084.jpg,1
08085.jpg,4
08086.jpg,0
08087.jpg,0
08088.jpg,1
08089.jpg,7
08090.jpg,3
08091.jpg,6
08092.jpg,9
08093.jpg,6
08094.jpg,2
08095.jpg,3
08096.jpg,2
08097.jpg,9
08098.jpg,9
08099.jpg,6
08100.jpg,0
08101.jpg,9
08102.jpg,3
08103.jpg,5
08104.jpg,0
08105.jpg,5
08106.jpg,9
08107.jpg,9
08108.jpg,9
08109.jpg,7
08110.jpg,5
08111.jpg,9
08112.jpg,2
08113.jpg,3
08114.jpg,4
08115.jpg,0
08116.jpg,1
08117.jpg,9
08118.jpg,5
08119.jpg,2
08120.jpg,8
08121.jpg,3
08122.jpg,0
08123.jpg,2
08124.jpg,3
08125.jpg,2
08126.jpg,4
08127.jpg,4
08128.jpg,4
08129.jpg,6
08130.jpg,4
08131.jpg,3
08132.jpg,8
08133.jpg,3
08134.jpg,0
08135.jpg,0
08136.jpg,8
08137.jpg,3
08138.jpg,5
08139.jpg,4
08140.jpg,0
08141.jpg,6
08142.jpg,5
08143.jpg,4
08144.jpg,3
08145.jpg,9
08146.jpg,1
08147.jpg,3
08148.jpg,7
08149.jpg,4
08150.jpg,9
08151.jpg,5
08152.jpg,2
08153.jpg,5
08154.jpg,2
08155.jpg,8
08156.jpg,6
08157.jpg,3
08158.jpg,4
08159.jpg,0
08160.jpg,2
08161.jpg,0
08162.jpg,2
08163.jpg,7
08164.jpg,4
08165.jpg,9
08166.jpg,8
08167.jpg,3
08168.jpg,7
08169.jpg,9
08170.jpg,4
08171.jpg,2
08172.jpg,4
08173.jpg,1
08174.jpg,3
08175.jpg,4
08176.jpg,6
08177.jpg,5
08178.jpg,1
08179.jpg,9
08180.jpg,9
08181.jpg,8
08182.jpg,0
08183.jpg,9
08184.jpg,7
08185.jpg,9
08186.jpg,4
08187.jpg,9
08188.jpg,9
08189.jpg,9
08190.jpg,2
08191.jpg,9
08192.jpg,2
08193.jpg,1
08194.jpg,3
08195.jpg,5
08196.jpg,6
08197.jpg,9
08198.jpg,7
08199.jpg,7
08200.jpg,9
08201.jpg,8
08202.jpg,6
08203.jpg,7
08204.jpg,4
08205.jpg,7
08206.jpg,9
08207.jpg,6
08208.jpg,5
08209.jpg,4
08210.jpg,5
08211.jpg,9
08212.jpg,7
08213.jpg,8
08214.jpg,8
08215.jpg,1
08216.jpg,5
08217.jpg,6
08218.jpg,1
08219.jpg,0
08220.jpg,5
08221.jpg,6
08222.jpg,1
08223.jpg,1
08224.jpg,4
08225.jpg,9
08226.jpg,3
08227.jpg,6
08228.jpg,3
08229.jpg,3
08230.jpg,6
08231.jpg,4
08232.jpg,6
08233.jpg,7
08234.jpg,4
08235.jpg,0
08236.jpg,9
08237.jpg,8
08238.jpg,5
08239.jpg,3
08240.jpg,4
08241.jpg,4
08242.jpg,6
08243.jpg,6
08244.jpg,2
08245.jpg,1
08246.jpg,9
08247.jpg,8
08248.jpg,5
08249.jpg,4
08250.jpg,2
08251.jpg,8
08252.jpg,3
08253.jpg,0
08254.jpg,2
08255.jpg,6
08256.jpg,6
08257.jpg,8
08258.jpg,8
08259.jpg,2
08260.jpg,3
08261.jpg,0
08262.jpg,7
08263.jpg,8
08264.jpg,9
08265.jpg,2
08266.jpg,4
08267.jpg,8
08268.jpg,7
08269.jpg,6
08270.jpg,1
08271.jpg,8
08272.jpg,6
08273.jpg,0
08274.jpg,9
08275.jpg,4
08276.jpg,3
08277.jpg,2
08278.jpg,2
08279.jpg,8
08280.jpg,0
08281.jpg,0
08282.jpg,3
08283.jpg,8
08284.jpg,3
08285.jpg,9
08286.jpg,8
08287.jpg,5
08288.jpg,6
08289.jpg,9
08290.jpg,7
08291.jpg,6
08292.jpg,7
08293.jpg,4
08294.jpg,6
08295.jpg,1
08296.jpg,3
08297.jpg,2
08298.jpg,1
08299.jpg,6
08300.jpg,4
08301.jpg,7
08302.jpg,8
08303.jpg,9
08304.jpg,7
08305.jpg,6
08306.jpg,0
08307.jpg,7
08308.jpg,1
08309.jpg,9
08310.jpg,2
08311.jpg,2
08312.jpg,3
08313.jpg,6
08314.jpg,8
08315.jpg,1
08316.jpg,1
08317.jpg,1
08318.jpg,5
08319.jpg,4
08320.jpg,6
08321.jpg,4
08322.jpg,5
08323.jpg,0
08324.jpg,7
08325.jpg,8
08326.jpg,1
08327.jpg,2
08328.jpg,2
08329.jpg,6
08330.jpg,9
08331.jpg,0
08332.jpg,3
08333.jpg,8
08334.jpg,1
08335.jpg,6
08336.jpg,1
08337.jpg,7
08338.jpg,7
08339.jpg,0
08340.jpg,2
08341.jpg,5
08342.jpg,1
08343.jpg,4
08344.jpg,5
08345.jpg,1
08346.jpg,9
08347.jpg,7
08348.jpg,7
08349.jpg,6
08350.jpg,9
08351.jpg,7
08352.jpg,0
08353.jpg,9
08354.jpg,1
08355.jpg,9
08356.jpg,9
08357.jpg,3
08358.jpg,4
08359.jpg,7
08360.jpg,2
08361.jpg,0
08362.jpg,0
08363.jpg,9
08364.jpg,2
08365.jpg,6
08366.jpg,5
08367.jpg,9
08368.jpg,9
08369.jpg,3
08370.jpg,5
08371.jpg,0
08372.jpg,7
08373.jpg,7
08374.jpg,1
08375.jpg,5
08376.jpg,4
08377.jpg,6
08378.jpg,7
08379.jpg,2
08380.jpg,6
08381.jpg,1
08382.jpg,3
08383.jpg,1
08384.jpg,2
08385.jpg,6
08386.jpg,7
08387.jpg,0
08388.jpg,6
08389.jpg,4
08390.jpg,7
08391.jpg,0
08392.jpg,2
08393.jpg,5
08394.jpg,2
08395.jpg,9
08396.jpg,3
08397.jpg,1
08398.jpg,5
08399.jpg,2
08400.jpg,9
08401.jpg,9
08402.jpg,7
08403.jpg,6
08404.jpg,7
08405.jpg,4
08406.jpg,9
08407.jpg,5
08408.jpg,1
08409.jpg,0
08410.jpg,6
08411.jpg,4
08412.jpg,2
08413.jpg,3
08414.jpg,0
08415.jpg,8
08416.jpg,7
08417.jpg,6
08418.jpg,4
08419.jpg,6
08420.jpg,2
08421.jpg,3
08422.jpg,1
08423.jpg,1
08424.jpg,1
08425.jpg,3
08426.jpg,3
08427.jpg,9
08428.jpg,4
08429.jpg,9
08430.jpg,8
08431.jpg,6
08432.jpg,7
08433.jpg,9
08434.jpg,4
08435.jpg,7
08436.jpg,4
08437.jpg,7
08438.jpg,1
08439.jpg,1
08440.jpg,6
08441.jpg,3
08442.jpg,4
08443.jpg,4
08444.jpg,1
08445.jpg,8
08446.jpg,4
08447.jpg,9
08448.jpg,7
08449.jpg,2
08450.jpg,7
08451.jpg,1
08452.jpg,3
08453.jpg,8
08454.jpg,9
08455.jpg,2
08456.jpg,2
08457.jpg,1
08458.jpg,2
08459.jpg,1
08460.jpg,6
08461.jpg,8
08462.jpg,1
08463.jpg,1
08464.jpg,0
08465.jpg,9
08466.jpg,2
08467.jpg,2
08468.jpg,9
08469.jpg,5
08470.jpg,7
08471.jpg,5
08472.jpg,8
08473.jpg,2
08474.jpg,2
08475.jpg,2
08476.jpg,1
08477.jpg,1
08478.jpg,3
08479.jpg,6
08480.jpg,2
08481.jpg,2
08482.jpg,3
08483.jpg,7
08484.jpg,8
08485.jpg,2
08486.jpg,5
08487.jpg,0
08488.jpg,3
08489.jpg,6
08490.jpg,6
08491.jpg,9
08492.jpg,3
08493.jpg,7
08494.jpg,0
08495.jpg,3
08496.jpg,0
08497.jpg,4
08498.jpg,5
08499.jpg,1
08500.jpg,2
08501.jpg,5
08502.jpg,6
08503.jpg,7
08504.jpg,7
08505.jpg,4
08506.jpg,9
08507.jpg,8
08508.jpg,6
08509.jpg,6
08510.jpg,1
08511.jpg,3
08512.jpg,7
08513.jpg,8
08514.jpg,9
08515.jpg,8
08516.jpg,7
08517.jpg,9
08518.jpg,2
08519.jpg,1
08520.jpg,7
08521.jpg,7
08522.jpg,3
08523.jpg,1
08524.jpg,0
08525.jpg,3
08526.jpg,9
08527.jpg,3
08528.jpg,0
08529.jpg,1
08530.jpg,7
08531.jpg,9
08532.jpg,9
08533.jpg,6
08534.jpg,6
08535.jpg,4
08536.jpg,3
08537.jpg,9
08538.jpg,2
08539.jpg,1
08540.jpg,1
08541.jpg,8
08542.jpg,5
08543.jpg,1
08544.jpg,3
08545.jpg,6
08546.jpg,4
08547.jpg,3
08548.jpg,3
08549.jpg,6
08550.jpg,3
08551.jpg,4
08552.jpg,6
08553.jpg,9
08554.jpg,1
08555.jpg,6
08556.jpg,8
08557.jpg,3
08558.jpg,3
08559.jpg,0
08560.jpg,3
08561.jpg,1
08562.jpg,6
08563.jpg,0
08564.jpg,9
08565.jpg,1
08566.jpg,0
08567.jpg,3
08568.jpg,7
08569.jpg,7
08570.jpg,3
08571.jpg,7
08572.jpg,9
08573.jpg,7
08574.jpg,6
08575.jpg,8
08576.jpg,7
08577.jpg,8
08578.jpg,2
08579.jpg,9
08580.jpg,2
08581.jpg,9
08582.jpg,9
08583.jpg,3
08584.jpg,4
08585.jpg,2
08586.jpg,0
08587.jpg,1
08588.jpg,3
08589.jpg,3
08590.jpg,5
08591.jpg,2
08592.jpg,2
08593.jpg,7
08594.jpg,6
08595.jpg,4
08596.jpg,1
08597.jpg,3
08598.jpg,0
08599.jpg,6
08600.jpg,9
08601.jpg,3
08602.jpg,1
08603.jpg,8
08604.jpg,3
08605.jpg,6
08606.jpg,8
08607.jpg,8
08608.jpg,0
08609.jpg,9
08610.jpg,0
08611.jpg,6
08612.jpg,4
08613.jpg,4
08614.jpg,5
08615.jpg,7
08616.jpg,2
08617.jpg,0
08618.jpg,6
08619.jpg,1
08620.jpg,2
08621.jpg,3
08622.jpg,3
08623.jpg,8
08624.jpg,6
08625.jpg,9
08626.jpg,2
08627.jpg,7
08628.jpg,3
08629.jpg,8
08630.jpg,8
08631.jpg,6
08632.jpg,6
08633.jpg,2
08634.jpg,1
08635.jpg,0
08636.jpg,0
08637.jpg,5
08638.jpg,5
08639.jpg,0
08640.jpg,5
08641.jpg,7
08642.jpg,4
08643.jpg,8
08644.jpg,7
08645.jpg,0
08646.jpg,7
08647.jpg,7
08648.jpg,8
08649.jpg,0
08650.jpg,2
08651.jpg,1
08652.jpg,8
08653.jpg,8
08654.jpg,6
08655.jpg,6
08656.jpg,2
08657.jpg,1
08658.jpg,2
08659.jpg,6
08660.jpg,7
08661.jpg,3
08662.jpg,7
08663.jpg,6
08664.jpg,7
08665.jpg,3
08666.jpg,9
08667.jpg,9
08668.jpg,7
08669.jpg,0
08670.jpg,6
08671.jpg,7
08672.jpg,2
08673.jpg,9
08674.jpg,3
08675.jpg,3
08676.jpg,0
08677.jpg,6
08678.jpg,3
08679.jpg,6
08680.jpg,1
08681.jpg,4
08682.jpg,2
08683.jpg,4
08684.jpg,6
08685.jpg,7
08686.jpg,3
08687.jpg,0
08688.jpg,0
08689.jpg,9
08690.jpg,9
08691.jpg,0
08692.jpg,0
08693.jpg,2
08694.jpg,6
08695.jpg,7
08696.jpg,4
08697.jpg,9
08698.jpg,0
08699.jpg,8
08700.jpg,8
08701.jpg,5
08702.jpg,5
08703.jpg,0
08704.jpg,9
08705.jpg,6
08706.jpg,0
08707.jpg,2
08708.jpg,9
08709.jpg,7
08710.jpg,3
08711.jpg,8
08712.jpg,1
08713.jpg,0
08714.jpg,3
08715.jpg,1
08716.jpg,5
08717.jpg,3
08718.jpg,5
08719.jpg,6
08720.jpg,1
08721.jpg,4
08722.jpg,5
08723.jpg,9
08724.jpg,3
08725.jpg,7
08726.jpg,5
08727.jpg,5
08728.jpg,0
08729.jpg,8
08730.jpg,6
08731.jpg,4
08732.jpg,5
08733.jpg,3
08734.jpg,2
08735.jpg,5
08736.jpg,1
08737.jpg,5
08738.jpg,3
08739.jpg,8
08740.jpg,3
08741.jpg,4
08742.jpg,6
08743.jpg,6
08744.jpg,7
08745.jpg,4
08746.jpg,8
08747.jpg,5
08748.jpg,6
08749.jpg,9
08750.jpg,8
08751.jpg,2
08752.jpg,4
08753.jpg,3
08754.jpg,6
08755.jpg,4
08756.jpg,0
08757.jpg,0
08758.jpg,9
08759.jpg,6
08760.jpg,3
08761.jpg,3
08762.jpg,1
08763.jpg,3
08764.jpg,1
08765.jpg,4
08766.jpg,2
08767.jpg,3
08768.jpg,8
08769.jpg,2
08770.jpg,4
08771.jpg,9
08772.jpg,4
08773.jpg,7
08774.jpg,0
08775.jpg,7
08776.jpg,4
08777.jpg,1
08778.jpg,3
08779.jpg,3
08780.jpg,7
08781.jpg,6
08782.jpg,4
08783.jpg,8
08784.jpg,8
08785.jpg,3
08786.jpg,6
08787.jpg,6
08788.jpg,8
08789.jpg,6
08790.jpg,5
08791.jpg,6
08792.jpg,3
08793.jpg,2
08794.jpg,4
08795.jpg,6
08796.jpg,7
08797.jpg,9
08798.jpg,6
08799.jpg,8
08800.jpg,0
08801.jpg,9
08802.jpg,8
08803.jpg,4
08804.jpg,1
08805.jpg,3
08806.jpg,1
08807.jpg,5
08808.jpg,1
08809.jpg,6
08810.jpg,1
08811.jpg,7
08812.jpg,6
08813.jpg,5
08814.jpg,3
08815.jpg,4
08816.jpg,3
08817.jpg,9
08818.jpg,2
08819.jpg,3
08820.jpg,0
08821.jpg,9
08822.jpg,6
08823.jpg,5
08824.jpg,1
08825.jpg,3
08826.jpg,9
08827.jpg,6
08828.jpg,3
08829.jpg,7
08830.jpg,3
08831.jpg,1
08832.jpg,4
08833.jpg,5
08834.jpg,0
08835.jpg,3
08836.jpg,8
08837.jpg,5
08838.jpg,1
08839.jpg,0
08840.jpg,2
08841.jpg,7
08842.jpg,5
08843.jpg,5
08844.jpg,0
08845.jpg,6
08846.jpg,8
08847.jpg,4
08848.jpg,0
08849.jpg,1
08850.jpg,4
08851.jpg,5
08852.jpg,9
08853.jpg,5
08854.jpg,2
08855.jpg,7
08856.jpg,9
08857.jpg,6
08858.jpg,9
08859.jpg,4
08860.jpg,8
08861.jpg,2
08862.jpg,7
08863.jpg,8
08864.jpg,9
08865.jpg,1
08866.jpg,3
08867.jpg,4
08868.jpg,8
08869.jpg,3
08870.jpg,2
08871.jpg,3
08872.jpg,9
08873.jpg,1
08874.jpg,4
08875.jpg,0
08876.jpg,6
08877.jpg,7
08878.jpg,4
08879.jpg,4
08880.jpg,0
08881.jpg,8
08882.jpg,3
08883.jpg,0
08884.jpg,5
08885.jpg,1
08886.jpg,1
08887.jpg,1
08888.jpg,0
08889.jpg,8
08890.jpg,6
08891.jpg,0
08892.jpg,2
08893.jpg,8
08894.jpg,7
08895.jpg,0
08896.jpg,4
08897.jpg,1
08898.jpg,4
08899.jpg,8
08900.jpg,1
08901.jpg,2
08902.jpg,9
08903.jpg,0
08904.jpg,3
08905.jpg,6
08906.jpg,2
08907.jpg,5
08908.jpg,8
08909.jpg,9
08910.jpg,2
08911.jpg,0
08912.jpg,4
08913.jpg,0
08914.jpg,7
08915.jpg,8
08916.jpg,6
08917.jpg,2
08918.jpg,7
08919.jpg,5
08920.jpg,7
08921.jpg,3
08922.jpg,6
08923.jpg,6
08924.jpg,1
08925.jpg,0
08926.jpg,4
08927.jpg,8
08928.jpg,9
08929.jpg,1
08930.jpg,6
08931.jpg,7
08932.jpg,0
08933.jpg,3
08934.jpg,2
08935.jpg,0
08936.jpg,7
08937.jpg,6
08938.jpg,1
08939.jpg,1
08940.jpg,7
08941.jpg,8
08942.jpg,4
08943.jpg,8
08944.jpg,8
08945.jpg,6
08946.jpg,0
08947.jpg,6
08948.jpg,3
08949.jpg,6
08950.jpg,4
08951.jpg,1
08952.jpg,7
08953.jpg,3
08954.jpg,3
08955.jpg,0
08956.jpg,3
08957.jpg,8
08958.jpg,1
08959.jpg,4
08960.jpg,9
08961.jpg,4
08962.jpg,6
08963.jpg,2
08964.jpg,5
08965.jpg,2
08966.jpg,6
08967.jpg,6
08968.jpg,6
08969.jpg,8
08970.jpg,6
08971.jpg,6
08972.jpg,3
08973.jpg,6
08974.jpg,1
08975.jpg,5
08976.jpg,6
08977.jpg,4
08978.jpg,7
08979.jpg,7
08980.jpg,1
08981.jpg,9
08982.jpg,8
08983.jpg,5
08984.jpg,0
08985.jpg,5
08986.jpg,7
08987.jpg,2
08988.jpg,3
08989.jpg,8
08990.jpg,6
08991.jpg,3
08992.jpg,6
08993.jpg,7
08994.jpg,9
08995.jpg,2
08996.jpg,2
08997.jpg,2
08998.jpg,4
08999.jpg,3
09000.jpg,8
09001.jpg,1
09002.jpg,7
09003.jpg,8
09004.jpg,4
09005.jpg,8
09006.jpg,2
09007.jpg,3
09008.jpg,4
09009.jpg,9
09010.jpg,9
09011.jpg,8
09012.jpg,3
09013.jpg,7
09014.jpg,5
09015.jpg,8
09016.jpg,2
09017.jpg,0
09018.jpg,6
09019.jpg,7
09020.jpg,7
09021.jpg,4
09022.jpg,1
09023.jpg,2
09024.jpg,9
09025.jpg,2
09026.jpg,7
09027.jpg,7
09028.jpg,2
09029.jpg,3
09030.jpg,8
09031.jpg,0
09032.jpg,9
09033.jpg,1
09034.jpg,6
09035.jpg,0
09036.jpg,9
09037.jpg,4
09038.jpg,4
09039.jpg,3
09040.jpg,1
09041.jpg,1
09042.jpg,6
09043.jpg,4
09044.jpg,2
09045.jpg,0
09046.jpg,1
09047.jpg,0
09048.jpg,2
09049.jpg,2
09050.jpg,4
09051.jpg,4
09052.jpg,3
09053.jpg,3
09054.jpg,2
09055.jpg,6
09056.jpg,9
09057.jpg,5
09058.jpg,1
09059.jpg,4
09060.jpg,3
09061.jpg,6
09062.jpg,4
09063.jpg,5
09064.jpg,1
09065.jpg,4
09066.jpg,8
09067.jpg,4
09068.jpg,2
09069.jpg,4
09070.jpg,0
09071.jpg,4
09072.jpg,4
09073.jpg,8
09074.jpg,3
09075.jpg,3
09076.jpg,5
09077.jpg,4
09078.jpg,4
09079.jpg,4
09080.jpg,3
09081.jpg,0
09082.jpg,6
09083.jpg,4
09084.jpg,2
09085.jpg,0
09086.jpg,1
09087.jpg,3
09088.jpg,2
09089.jpg,3
09090.jpg,1
09091.jpg,0
09092.jpg,2
09093.jpg,5
09094.jpg,4
09095.jpg,7
09096.jpg,1
09097.jpg,0
09098.jpg,5
09099.jpg,3
09100.jpg,6
09101.jpg,4
09102.jpg,1
09103.jpg,8
09104.jpg,9
09105.jpg,9
09106.jpg,4
09107.jpg,8
09108.jpg,7
09109.jpg,8
09110.jpg,3
09111.jpg,3
09112.jpg,2
09113.jpg,9
09114.jpg,3
09115.jpg,3
09116.jpg,8
09117.jpg,5
09118.jpg,0
09119.jpg,4
09120.jpg,6
09121.jpg,2
09122.jpg,4
09123.jpg,3
09124.jpg,2
09125.jpg,0
09126.jpg,3
09127.jpg,1
09128.jpg,6
09129.jpg,6
09130.jpg,3
09131.jpg,6
09132.jpg,7
09133.jpg,7
09134.jpg,4
09135.jpg,3
09136.jpg,7
09137.jpg,1
09138.jpg,3
09139.jpg,7
09140.jpg,3
09141.jpg,0
09142.jpg,0
09143.jpg,8
09144.jpg,8
09145.jpg,0
09146.jpg,1
09147.jpg,3
09148.jpg,2
09149.jpg,2
09150.jpg,7
09151.jpg,9
09152.jpg,6
09153.jpg,4
09154.jpg,9
09155.jpg,1
09156.jpg,9
09157.jpg,4
09158.jpg,5
09159.jpg,4
09160.jpg,9
09161.jpg,3
09162.jpg,8
09163.jpg,3
09164.jpg,3
09165.jpg,1
09166.jpg,7
09167.jpg,9
09168.jpg,6
09169.jpg,8
09170.jpg,4
09171.jpg,8
09172.jpg,5
09173.jpg,1
09174.jpg,1
09175.jpg,9
09176.jpg,1
09177.jpg,2
09178.jpg,3
09179.jpg,3
09180.jpg,5
09181.jpg,0
09182.jpg,5
09183.jpg,8
09184.jpg,1
09185.jpg,0
09186.jpg,9
09187.jpg,4
09188.jpg,0
09189.jpg,3
09190.jpg,7
09191.jpg,0
09192.jpg,7
09193.jpg,0
09194.jpg,8
09195.jpg,7
09196.jpg,1
09197.jpg,1
09198.jpg,3
09199.jpg,8
09200.jpg,7
09201.jpg,1
09202.jpg,6
09203.jpg,4
09204.jpg,9
09205.jpg,0
09206.jpg,4
09207.jpg,3
09208.jpg,7
09209.jpg,5
09210.jpg,5
09211.jpg,0
09212.jpg,3
09213.jpg,3
09214.jpg,6
09215.jpg,2
09216.jpg,2
09217.jpg,6
09218.jpg,9
09219.jpg,7
09220.jpg,8
09221.jpg,8
09222.jpg,2
09223.jpg,0
09224.jpg,3
09225.jpg,4
09226.jpg,6
09227.jpg,8
09228.jpg,5
09229.jpg,8
09230.jpg,4
09231.jpg,1
09232.jpg,3
09233.jpg,7
09234.jpg,0
09235.jpg,5
09236.jpg,9
09237.jpg,4
09238.jpg,0
09239.jpg,8
09240.jpg,3
09241.jpg,6
09242.jpg,8
09243.jpg,4
09244.jpg,1
09245.jpg,7
09246.jpg,6
09247.jpg,4
09248.jpg,4
09249.jpg,7
09250.jpg,8
09251.jpg,7
09252.jpg,1
09253.jpg,4
09254.jpg,5
09255.jpg,4
09256.jpg,6
09257.jpg,5
09258.jpg,4
09259.jpg,0
09260.jpg,3
09261.jpg,9
09262.jpg,9
09263.jpg,3
09264.jpg,1
09265.jpg,4
09266.jpg,6
09267.jpg,7
09268.jpg,8
09269.jpg,1
09270.jpg,0
09271.jpg,9
09272.jpg,0
09273.jpg,7
09274.jpg,0
09275.jpg,6
09276.jpg,4
09277.jpg,0
09278.jpg,8
09279.jpg,2
09280.jpg,0
09281.jpg,1
09282.jpg,2
09283.jpg,0
09284.jpg,5
09285.jpg,1
09286.jpg,2
09287.jpg,1
09288.jpg,4
09289.jpg,7
09290.jpg,0
09291.jpg,6
09292.jpg,9
09293.jpg,4
09294.jpg,9
09295.jpg,3
09296.jpg,1
09297.jpg,0
09298.jpg,6
09299.jpg,8
09300.jpg,5
09301.jpg,9
09302.jpg,7
09303.jpg,1
09304.jpg,7
09305.jpg,5
09306.jpg,3
09307.jpg,1
09308.jpg,0
09309.jpg,4
09310.jpg,3
09311.jpg,3
09312.jpg,2
09313.jpg,5
09314.jpg,3
09315.jpg,6
09316.jpg,0
09317.jpg,0
09318.jpg,9
09319.jpg,6
09320.jpg,9
09321.jpg,6
09322.jpg,1
09323.jpg,1
09324.jpg,7
09325.jpg,4
09326.jpg,5
09327.jpg,1
09328.jpg,0
09329.jpg,5
09330.jpg,3
09331.jpg,6
09332.jpg,0
09333.jpg,9
09334.jpg,7
09335.jpg,6
09336.jpg,7
09337.jpg,9
09338.jpg,8
09339.jpg,0
09340.jpg,7
09341.jpg,8
09342.jpg,6
09343.jpg,9
09344.jpg,5
09345.jpg,9
09346.jpg,3
09347.jpg,9
09348.jpg,4
09349.jpg,6
09350.jpg,7
09351.jpg,5
09352.jpg,4
09353.jpg,2
09354.jpg,1
09355.jpg,4
09356.jpg,7
09357.jpg,3
09358.jpg,8
09359.jpg,9
09360.jpg,3
09361.jpg,3
09362.jpg,6
09363.jpg,9
09364.jpg,4
09365.jpg,7
09366.jpg,0
09367.jpg,1
09368.jpg,9
09369.jpg,5
09370.jpg,6
09371.jpg,3
09372.jpg,6
09373.jpg,2
09374.jpg,1
09375.jpg,3
09376.jpg,8
09377.jpg,0
09378.jpg,4
09379.jpg,7
09380.jpg,6
09381.jpg,6
09382.jpg,0
09383.jpg,6
09384.jpg,3
09385.jpg,1
09386.jpg,9
09387.jpg,0
09388.jpg,1
09389.jpg,6
09390.jpg,9
09391.jpg,0
09392.jpg,3
09393.jpg,7
09394.jpg,9
09395.jpg,7
09396.jpg,1
09397.jpg,1
09398.jpg,0
09399.jpg,7
09400.jpg,2
09401.jpg,5
09402.jpg,8
09403.jpg,1
09404.jpg,3
09405.jpg,8
09406.jpg,4
09407.jpg,3
09408.jpg,5
09409.jpg,3
09410.jpg,6
09411.jpg,7
09412.jpg,7
09413.jpg,9
09414.jpg,0
09415.jpg,6
09416.jpg,1
09417.jpg,4
09418.jpg,4
09419.jpg,7
09420.jpg,6
09421.jpg,9
09422.jpg,5
09423.jpg,7
09424.jpg,6
09425.jpg,4
09426.jpg,8
09427.jpg,0
09428.jpg,1
09429.jpg,3
09430.jpg,3
09431.jpg,5
09432.jpg,1
09433.jpg,0
09434.jpg,9
09435.jpg,3
09436.jpg,1
09437.jpg,6
09438.jpg,2
09439.jpg,6
09440.jpg,9
09441.jpg,1
09442.jpg,2
09443.jpg,6
09444.jpg,2
09445.jpg,8
09446.jpg,4
09447.jpg,4
09448.jpg,2
09449.jpg,8
09450.jpg,1
09451.jpg,1
09452.jpg,9
09453.jpg,5
09454.jpg,8
09455.jpg,6
09456.jpg,5
09457.jpg,2
09458.jpg,6
09459.jpg,3
09460.jpg,5
09461.jpg,3
09462.jpg,1
09463.jpg,1
09464.jpg,3
09465.jpg,9
09466.jpg,1
09467.jpg,3
09468.jpg,6
09469.jpg,1
09470.jpg,8
09471.jpg,1
09472.jpg,4
09473.jpg,4
09474.jpg,3
09475.jpg,2
09476.jpg,0
09477.jpg,1
09478.jpg,3
09479.jpg,3
09480.jpg,1
09481.jpg,9
09482.jpg,7
09483.jpg,7
09484.jpg,3
09485.jpg,4
09486.jpg,5
09487.jpg,7
09488.jpg,1
09489.jpg,0
09490.jpg,1
09491.jpg,2
09492.jpg,3
09493.jpg,3
09494.jpg,3
09495.jpg,4
09496.jpg,3
09497.jpg,4
09498.jpg,7
09499.jpg,1
09500.jpg,3
09501.jpg,3
09502.jpg,1
09503.jpg,4
09504.jpg,2
09505.jpg,3
09506.jpg,1
09507.jpg,9
09508.jpg,1
09509.jpg,0
09510.jpg,9
09511.jpg,7
09512.jpg,6
09513.jpg,3
09514.jpg,8
09515.jpg,6
09516.jpg,6
09517.jpg,0
09518.jpg,4
09519.jpg,1
09520.jpg,3
09521.jpg,9
09522.jpg,7
09523.jpg,9
09524.jpg,1
09525.jpg,1
09526.jpg,3
09527.jpg,2
09528.jpg,4
09529.jpg,1
09530.jpg,2
09531.jpg,8
09532.jpg,6
09533.jpg,4
09534.jpg,0
09535.jpg,9
09536.jpg,4
09537.jpg,2
09538.jpg,4
09539.jpg,7
09540.jpg,2
09541.jpg,8
09542.jpg,0
09543.jpg,8
09544.jpg,7
09545.jpg,0
09546.jpg,2
09547.jpg,3
09548.jpg,6
09549.jpg,0
09550.jpg,0
09551.jpg,0
09552.jpg,3
09553.jpg,2
09554.jpg,4
09555.jpg,4
09556.jpg,7
09557.jpg,3
09558.jpg,2
09559.jpg,0
09560.jpg,7
09561.jpg,9
09562.jpg,5
09563.jpg,0
09564.jpg,1
09565.jpg,3
09566.jpg,6
09567.jpg,3
09568.jpg,0
09569.jpg,8
09570.jpg,9
09571.jpg,5
09572.jpg,0
09573.jpg,9
09574.jpg,6
09575.jpg,9
09576.jpg,5
09577.jpg,5
09578.jpg,6
09579.jpg,6
09580.jpg,4
09581.jpg,4
09582.jpg,0
09583.jpg,5
09584.jpg,7
09585.jpg,3
09586.jpg,6
09587.jpg,4
09588.jpg,2
09589.jpg,6
09590.jpg,8
09591.jpg,3
09592.jpg,2
09593.jpg,2
09594.jpg,3
09595.jpg,1
09596.jpg,9
09597.jpg,3
09598.jpg,2
09599.jpg,7
09600.jpg,2
09601.jpg,4
09602.jpg,7
09603.jpg,2
09604.jpg,7
09605.jpg,8
09606.jpg,2
09607.jpg,3
09608.jpg,3
09609.jpg,1
09610.jpg,7
09611.jpg,9
09612.jpg,1
09613.jpg,0
09614.jpg,5
09615.jpg,5
09616.jpg,0
09617.jpg,1
09618.jpg,4
09619.jpg,9
09620.jpg,7
09621.jpg,3
09622.jpg,0
09623.jpg,7
09624.jpg,8
09625.jpg,4
09626.jpg,4
09627.jpg,0
09628.jpg,3
09629.jpg,4
09630.jpg,6
09631.jpg,5
09632.jpg,7
09633.jpg,0
09634.jpg,8
09635.jpg,9
09636.jpg,4
09637.jpg,2
09638.jpg,2
09639.jpg,1
09640.jpg,2
09641.jpg,0
09642.jpg,9
09643.jpg,0
09644.jpg,1
09645.jpg,6
09646.jpg,5
09647.jpg,9
09648.jpg,1
09649.jpg,6
09650.jpg,2
09651.jpg,1
09652.jpg,4
09653.jpg,1
09654.jpg,9
09655.jpg,0
09656.jpg,4
09657.jpg,9
09658.jpg,6
09659.jpg,6
09660.jpg,6
09661.jpg,4
09662.jpg,3
09663.jpg,3
09664.jpg,8
09665.jpg,4
09666.jpg,2
09667.jpg,7
09668.jpg,8
09669.jpg,9
09670.jpg,5
09671.jpg,1
09672.jpg,9
09673.jpg,5
09674.jpg,4
09675.jpg,0
09676.jpg,7
09677.jpg,2
09678.jpg,1
09679.jpg,1
09680.jpg,8
09681.jpg,6
09682.jpg,5
09683.jpg,8
09684.jpg,5
09685.jpg,5
09686.jpg,7
09687.jpg,9
09688.jpg,0
09689.jpg,0
09690.jpg,9
09691.jpg,7
09692.jpg,8
09693.jpg,6
09694.jpg,4
09695.jpg,4
09696.jpg,3
09697.jpg,9
09698.jpg,1
09699.jpg,3
09700.jpg,5
09701.jpg,1
09702.jpg,5
09703.jpg,3
09704.jpg,2
09705.jpg,8
09706.jpg,6
09707.jpg,3
09708.jpg,0
09709.jpg,6
09710.jpg,5
09711.jpg,4
09712.jpg,4
09713.jpg,1
09714.jpg,7
09715.jpg,4
09716.jpg,5
09717.jpg,9
09718.jpg,8
09719.jpg,3
09720.jpg,2
09721.jpg,5
09722.jpg,7
09723.jpg,7
09724.jpg,4
09725.jpg,4
09726.jpg,3
09727.jpg,7
09728.jpg,7
09729.jpg,0
09730.jpg,7
09731.jpg,3
09732.jpg,3
09733.jpg,2
09734.jpg,0
09735.jpg,3
09736.jpg,9
09737.jpg,2
09738.jpg,4
09739.jpg,1
09740.jpg,6
09741.jpg,0
09742.jpg,3
09743.jpg,9
09744.jpg,4
09745.jpg,9
09746.jpg,9
09747.jpg,2
09748.jpg,6
09749.jpg,5
09750.jpg,0
09751.jpg,0
09752.jpg,6
09753.jpg,6
09754.jpg,4
09755.jpg,3
09756.jpg,2
09757.jpg,5
09758.jpg,9
09759.jpg,1
09760.jpg,7
09761.jpg,4
09762.jpg,6
09763.jpg,9
09764.jpg,1
09765.jpg,7
09766.jpg,5
09767.jpg,7
09768.jpg,3
09769.jpg,4
09770.jpg,7
09771.jpg,5
09772.jpg,6
09773.jpg,0
09774.jpg,4
09775.jpg,2
09776.jpg,6
09777.jpg,1
09778.jpg,0
09779.jpg,9
09780.jpg,0
09781.jpg,2
09782.jpg,7
09783.jpg,6
09784.jpg,3
09785.jpg,3
09786.jpg,5
09787.jpg,5
09788.jpg,4
09789.jpg,3
09790.jpg,2
09791.jpg,6
09792.jpg,1
09793.jpg,7
09794.jpg,4
09795.jpg,3
09796.jpg,6
09797.jpg,5
09798.jpg,1
09799.jpg,5
09800.jpg,6
09801.jpg,6
09802.jpg,2
09803.jpg,3
09804.jpg,5
09805.jpg,4
09806.jpg,1
09807.jpg,4
09808.jpg,3
09809.jpg,4
09810.jpg,2
09811.jpg,8
09812.jpg,3
09813.jpg,7
09814.jpg,4
09815.jpg,5
09816.jpg,8
09817.jpg,7
09818.jpg,1
09819.jpg,2
09820.jpg,5
09821.jpg,5
09822.jpg,3
09823.jpg,7
09824.jpg,4
09825.jpg,9
09826.jpg,5
09827.jpg,8
09828.jpg,0
09829.jpg,6
09830.jpg,4
09831.jpg,2
09832.jpg,1
09833.jpg,5
09834.jpg,7
09835.jpg,4
09836.jpg,1
09837.jpg,1
09838.jpg,3
09839.jpg,1
09840.jpg,4
09841.jpg,9
09842.jpg,1
09843.jpg,4
09844.jpg,1
09845.jpg,0
09846.jpg,9
09847.jpg,3
09848.jpg,2
09849.jpg,1
09850.jpg,2
09851.jpg,9
09852.jpg,8
09853.jpg,7
09854.jpg,8
09855.jpg,6
09856.jpg,3
09857.jpg,1
09858.jpg,4
09859.jpg,2
09860.jpg,0
09861.jpg,8
09862.jpg,3
09863.jpg,4
09864.jpg,1
09865.jpg,6
09866.jpg,9
09867.jpg,9
09868.jpg,9
09869.jpg,8
09870.jpg,0
09871.jpg,7
09872.jpg,3
09873.jpg,9
09874.jpg,3
09875.jpg,3
09876.jpg,4
09877.jpg,2
09878.jpg,8
09879.jpg,7
09880.jpg,1
09881.jpg,3
09882.jpg,7
09883.jpg,9
09884.jpg,5
09885.jpg,5
09886.jpg,5
09887.jpg,7
09888.jpg,8
09889.jpg,0
09890.jpg,7
09891.jpg,6
09892.jpg,1
09893.jpg,6
09894.jpg,6
09895.jpg,4
09896.jpg,0
09897.jpg,6
09898.jpg,6
09899.jpg,6
09900.jpg,7
09901.jpg,7
09902.jpg,6
09903.jpg,3
09904.jpg,9
09905.jpg,6
09906.jpg,6
09907.jpg,4
09908.jpg,8
09909.jpg,6
09910.jpg,5
09911.jpg,3
09912.jpg,6
09913.jpg,9
09914.jpg,4
09915.jpg,2
09916.jpg,4
09917.jpg,6
09918.jpg,3
09919.jpg,3
09920.jpg,1
09921.jpg,4
09922.jpg,5
09923.jpg,0
09924.jpg,4
09925.jpg,6
09926.jpg,4
09927.jpg,3
09928.jpg,7
09929.jpg,3
09930.jpg,4
09931.jpg,7
09932.jpg,6
09933.jpg,0
09934.jpg,4
09935.jpg,9
09936.jpg,2
09937.jpg,0
09938.jpg,3
09939.jpg,3
09940.jpg,2
09941.jpg,5
09942.jpg,0
09943.jpg,8
09944.jpg,3
09945.jpg,7
09946.jpg,0
09947.jpg,7
09948.jpg,2
09949.jpg,7
09950.jpg,6
09951.jpg,2
09952.jpg,0
09953.jpg,3
09954.jpg,6
09955.jpg,3
09956.jpg,1
09957.jpg,3
09958.jpg,0
09959.jpg,6
09960.jpg,1
09961.jpg,8
09962.jpg,3
09963.jpg,2
09964.jpg,0
09965.jpg,1
09966.jpg,8
09967.jpg,7
09968.jpg,3
09969.jpg,9
09970.jpg,1
09971.jpg,4
09972.jpg,5
09973.jpg,1
09974.jpg,1
09975.jpg,2
09976.jpg,1
09977.jpg,7
09978.jpg,7
09979.jpg,7
09980.jpg,7
09981.jpg,4
09982.jpg,0
09983.jpg,4
09984.jpg,3
09985.jpg,3
09986.jpg,4
09987.jpg,1
09988.jpg,7
09989.jpg,5
09990.jpg,9
09991.jpg,6
09992.jpg,1
09993.jpg,6
09994.jpg,3
09995.jpg,2
09996.jpg,9
09997.jpg,2
09998.jpg,4
09999.jpg,9
10000.jpg,7
10001.jpg,8
10002.jpg,1
10003.jpg,8
10004.jpg,9
10005.jpg,8
10006.jpg,0
10007.jpg,1
10008.jpg,2
10009.jpg,2
10010.jpg,8
10011.jpg,3
10012.jpg,9
10013.jpg,7
10014.jpg,8
10015.jpg,6
10016.jpg,7
10017.jpg,7
10018.jpg,3
10019.jpg,4
10020.jpg,3
10021.jpg,8
10022.jpg,8
10023.jpg,3
10024.jpg,9
10025.jpg,9
10026.jpg,7
10027.jpg,3
10028.jpg,5
10029.jpg,7
10030.jpg,5
10031.jpg,0
10032.jpg,2
10033.jpg,0
10034.jpg,8
10035.jpg,1
10036.jpg,0
10037.jpg,4
10038.jpg,8
10039.jpg,0
10040.jpg,6
10041.jpg,1
10042.jpg,1
10043.jpg,6
10044.jpg,2
10045.jpg,8
10046.jpg,3
10047.jpg,0
10048.jpg,8
10049.jpg,3
10050.jpg,5
10051.jpg,3
10052.jpg,2
10053.jpg,2
10054.jpg,0
10055.jpg,3
10056.jpg,3
10057.jpg,8
10058.jpg,7
10059.jpg,8
10060.jpg,0
10061.jpg,8
10062.jpg,4
10063.jpg,0
10064.jpg,8
10065.jpg,9
10066.jpg,8
10067.jpg,9
10068.jpg,6
10069.jpg,6
10070.jpg,6
10071.jpg,5
10072.jpg,3
10073.jpg,6
10074.jpg,5
10075.jpg,9
10076.jpg,4
10077.jpg,6
10078.jpg,1
10079.jpg,3
10080.jpg,6
10081.jpg,0
10082.jpg,8
10083.jpg,7
10084.jpg,8
10085.jpg,1
10086.jpg,0
10087.jpg,2
10088.jpg,3
10089.jpg,0
10090.jpg,0
10091.jpg,3
10092.jpg,4
10093.jpg,6
10094.jpg,7
10095.jpg,9
10096.jpg,4
10097.jpg,0
10098.jpg,6
10099.jpg,4
10100.jpg,8
10101.jpg,3
10102.jpg,6
10103.jpg,1
10104.jpg,4
10105.jpg,2
10106.jpg,4
10107.jpg,3
10108.jpg,2
10109.jpg,4
10110.jpg,4
10111.jpg,6
10112.jpg,1
10113.jpg,2
10114.jpg,6
10115.jpg,9
10116.jpg,6
10117.jpg,0
10118.jpg,7
10119.jpg,9
10120.jpg,3
10121.jpg,3
10122.jpg,3
10123.jpg,9
10124.jpg,0
10125.jpg,3
10126.jpg,7
10127.jpg,2
10128.jpg,0
10129.jpg,3
10130.jpg,4
10131.jpg,9
10132.jpg,5
10133.jpg,0
10134.jpg,2
10135.jpg,8
10136.jpg,1
10137.jpg,1
10138.jpg,1
10139.jpg,9
10140.jpg,3
10141.jpg,9
10142.jpg,5
10143.jpg,0
10144.jpg,1
10145.jpg,2
10146.jpg,4
10147.jpg,0
10148.jpg,7
10149.jpg,3
10150.jpg,3
10151.jpg,3
10152.jpg,8
10153.jpg,7
10154.jpg,2
10155.jpg,8
10156.jpg,3
10157.jpg,4
10158.jpg,1
10159.jpg,3
10160.jpg,5
10161.jpg,3
10162.jpg,1
10163.jpg,9
10164.jpg,6
10165.jpg,3
10166.jpg,3
10167.jpg,7
10168.jpg,6
10169.jpg,7
10170.jpg,3
10171.jpg,7
10172.jpg,4
10173.jpg,1
10174.jpg,6
10175.jpg,3
10176.jpg,7
10177.jpg,2
10178.jpg,7
10179.jpg,8
10180.jpg,0
10181.jpg,5
10182.jpg,6
10183.jpg,2
10184.jpg,2
10185.jpg,0
10186.jpg,6
10187.jpg,0
10188.jpg,3
10189.jpg,5
10190.jpg,3
10191.jpg,9
10192.jpg,5
10193.jpg,6
10194.jpg,4
10195.jpg,3
10196.jpg,8
10197.jpg,2
10198.jpg,2
10199.jpg,1
10200.jpg,1
10201.jpg,8
10202.jpg,3
10203.jpg,2
10204.jpg,7
10205.jpg,2
10206.jpg,5
10207.jpg,3
10208.jpg,0
10209.jpg,9
10210.jpg,9
10211.jpg,7
10212.jpg,9
10213.jpg,5
10214.jpg,4
10215.jpg,1
10216.jpg,3
10217.jpg,3
10218.jpg,4
10219.jpg,3
10220.jpg,3
10221.jpg,3
10222.jpg,0
10223.jpg,0
10224.jpg,7
10225.jpg,2
10226.jpg,9
10227.jpg,7
10228.jpg,7
10229.jpg,8
10230.jpg,6
10231.jpg,9
10232.jpg,1
10233.jpg,6
10234.jpg,2
10235.jpg,2
10236.jpg,2
10237.jpg,1
10238.jpg,1
10239.jpg,8
10240.jpg,7
10241.jpg,7
10242.jpg,3
10243.jpg,5
10244.jpg,8
10245.jpg,8
10246.jpg,2
10247.jpg,9
10248.jpg,1
10249.jpg,2
10250.jpg,1
10251.jpg,7
10252.jpg,1
10253.jpg,1
10254.jpg,7
10255.jpg,9
10256.jpg,0
10257.jpg,5
10258.jpg,3
10259.jpg,8
10260.jpg,3
10261.jpg,8
10262.jpg,1
10263.jpg,1
10264.jpg,0
10265.jpg,0
10266.jpg,7
10267.jpg,1
10268.jpg,2
10269.jpg,4
10270.jpg,8
10271.jpg,9
10272.jpg,2
10273.jpg,2
10274.jpg,9
10275.jpg,3
10276.jpg,8
10277.jpg,3
10278.jpg,5
10279.jpg,7
10280.jpg,6
10281.jpg,5
10282.jpg,4
10283.jpg,6
10284.jpg,2
10285.jpg,4
10286.jpg,5
10287.jpg,3
10288.jpg,1
10289.jpg,7
10290.jpg,2
10291.jpg,3
10292.jpg,2
10293.jpg,4
10294.jpg,4
10295.jpg,7
10296.jpg,1
10297.jpg,1
10298.jpg,2
10299.jpg,2
10300.jpg,9
10301.jpg,2
10302.jpg,6
10303.jpg,9
10304.jpg,9
10305.jpg,6
10306.jpg,4
10307.jpg,3
10308.jpg,5
10309.jpg,2
10310.jpg,4
10311.jpg,5
10312.jpg,3
10313.jpg,4
10314.jpg,7
10315.jpg,6
10316.jpg,3
10317.jpg,2
10318.jpg,1
10319.jpg,4
10320.jpg,1
10321.jpg,0
10322.jpg,5
10323.jpg,3
10324.jpg,3
10325.jpg,7
10326.jpg,1
10327.jpg,1
10328.jpg,4
10329.jpg,3
10330.jpg,4
10331.jpg,0
10332.jpg,0
10333.jpg,0
10334.jpg,0
10335.jpg,3
10336.jpg,4
10337.jpg,9
10338.jpg,3
10339.jpg,2
10340.jpg,9
10341.jpg,0
10342.jpg,4
10343.jpg,1
10344.jpg,9
10345.jpg,8
10346.jpg,5
10347.jpg,9
10348.jpg,3
10349.jpg,3
10350.jpg,1
10351.jpg,0
10352.jpg,5
10353.jpg,2
10354.jpg,9
10355.jpg,2
10356.jpg,8
10357.jpg,3
10358.jpg,8
10359.jpg,4
10360.jpg,8
10361.jpg,7
10362.jpg,9
10363.jpg,9
10364.jpg,4
10365.jpg,9
10366.jpg,1
10367.jpg,5
10368.jpg,4
10369.jpg,6
10370.jpg,3
10371.jpg,7
10372.jpg,6
10373.jpg,3
10374.jpg,4
10375.jpg,4
10376.jpg,4
10377.jpg,7
10378.jpg,1
10379.jpg,9
10380.jpg,6
10381.jpg,5
10382.jpg,5
10383.jpg,1
10384.jpg,7
10385.jpg,3
10386.jpg,1
10387.jpg,2
10388.jpg,5
10389.jpg,4
10390.jpg,8
10391.jpg,6
10392.jpg,5
10393.jpg,0
10394.jpg,1
10395.jpg,1
10396.jpg,3
10397.jpg,4
10398.jpg,7
10399.jpg,4
10400.jpg,5
10401.jpg,1
10402.jpg,1
10403.jpg,7
10404.jpg,2
10405.jpg,6
10406.jpg,7
10407.jpg,4
10408.jpg,7
10409.jpg,3
10410.jpg,3
10411.jpg,9
10412.jpg,2
10413.jpg,4
10414.jpg,3
10415.jpg,7
10416.jpg,3
10417.jpg,4
10418.jpg,8
10419.jpg,1
10420.jpg,3
10421.jpg,6
10422.jpg,3
10423.jpg,2
10424.jpg,2
10425.jpg,4
10426.jpg,9
10427.jpg,1
10428.jpg,0
10429.jpg,2
10430.jpg,0
10431.jpg,3
10432.jpg,2
10433.jpg,6
10434.jpg,3
10435.jpg,5
10436.jpg,5
10437.jpg,3
10438.jpg,3
10439.jpg,9
10440.jpg,9
10441.jpg,8
10442.jpg,2
10443.jpg,5
10444.jpg,5
10445.jpg,1
10446.jpg,1
10447.jpg,3
10448.jpg,1
10449.jpg,1
10450.jpg,4
10451.jpg,3
10452.jpg,1
10453.jpg,0
10454.jpg,2
10455.jpg,0
10456.jpg,1
10457.jpg,3
10458.jpg,0
10459.jpg,4
10460.jpg,8
10461.jpg,0
10462.jpg,3
10463.jpg,3
10464.jpg,3
10465.jpg,9
10466.jpg,3
10467.jpg,4
10468.jpg,7
10469.jpg,0
10470.jpg,7
10471.jpg,8
10472.jpg,4
10473.jpg,4
10474.jpg,9
10475.jpg,6
10476.jpg,6
10477.jpg,7
10478.jpg,9
10479.jpg,4
10480.jpg,0
10481.jpg,4
10482.jpg,4
10483.jpg,6
10484.jpg,4
10485.jpg,4
10486.jpg,6
10487.jpg,0
10488.jpg,0
10489.jpg,7
10490.jpg,9
10491.jpg,4
10492.jpg,1
10493.jpg,7
10494.jpg,3
10495.jpg,5
10496.jpg,2
10497.jpg,0
10498.jpg,4
10499.jpg,6
10500.jpg,1
10501.jpg,8
10502.jpg,0
10503.jpg,3
10504.jpg,0
10505.jpg,3
10506.jpg,5
10507.jpg,3
10508.jpg,6
10509.jpg,3
10510.jpg,2
10511.jpg,2
10512.jpg,3
10513.jpg,9
10514.jpg,4
10515.jpg,6
10516.jpg,3
10517.jpg,1
10518.jpg,3
10519.jpg,8
10520.jpg,8
10521.jpg,8
10522.jpg,6
10523.jpg,0
10524.jpg,5
10525.jpg,2
10526.jpg,2
10527.jpg,9
10528.jpg,3
10529.jpg,5
10530.jpg,4
10531.jpg,7
10532.jpg,0
10533.jpg,9
10534.jpg,8
10535.jpg,3
10536.jpg,2
10537.jpg,3
10538.jpg,3
10539.jpg,8
10540.jpg,6
10541.jpg,8
10542.jpg,7
10543.jpg,6
10544.jpg,3
10545.jpg,9
10546.jpg,2
10547.jpg,0
10548.jpg,9
10549.jpg,7
10550.jpg,7
10551.jpg,4
10552.jpg,0
10553.jpg,8
10554.jpg,3
10555.jpg,8
10556.jpg,0
10557.jpg,1
10558.jpg,1
10559.jpg,3
10560.jpg,6
10561.jpg,9
10562.jpg,8
10563.jpg,1
10564.jpg,8
10565.jpg,6
10566.jpg,6
10567.jpg,5
10568.jpg,6
10569.jpg,2
10570.jpg,9
10571.jpg,3
10572.jpg,6
10573.jpg,3
10574.jpg,2
10575.jpg,9
10576.jpg,9
10577.jpg,2
10578.jpg,9
10579.jpg,7
10580.jpg,3
10581.jpg,3
10582.jpg,1
10583.jpg,0
10584.jpg,1
10585.jpg,1
10586.jpg,9
10587.jpg,1
10588.jpg,4
10589.jpg,4
10590.jpg,5
10591.jpg,4
10592.jpg,0
10593.jpg,9
10594.jpg,4
10595.jpg,2
10596.jpg,8
10597.jpg,5
10598.jpg,2
10599.jpg,0
10600.jpg,3
10601.jpg,4
10602.jpg,3
10603.jpg,1
10604.jpg,6
10605.jpg,1
10606.jpg,4
10607.jpg,1
10608.jpg,9
10609.jpg,5
10610.jpg,2
10611.jpg,8
10612.jpg,4
10613.jpg,0
10614.jpg,9
10615.jpg,6
10616.jpg,2
10617.jpg,5
10618.jpg,3
10619.jpg,8
10620.jpg,2
10621.jpg,3
10622.jpg,9
10623.jpg,4
10624.jpg,4
10625.jpg,6
10626.jpg,4
10627.jpg,9
10628.jpg,1
10629.jpg,4
10630.jpg,5
10631.jpg,0
10632.jpg,0
10633.jpg,0
10634.jpg,4
10635.jpg,3
10636.jpg,8
10637.jpg,1
10638.jpg,2
10639.jpg,1
10640.jpg,4
10641.jpg,1
10642.jpg,4
10643.jpg,9
10644.jpg,1
10645.jpg,7
10646.jpg,2
10647.jpg,3
10648.jpg,7
10649.jpg,7
10650.jpg,2
10651.jpg,2
10652.jpg,6
10653.jpg,8
10654.jpg,2
10655.jpg,7
10656.jpg,1
10657.jpg,5
10658.jpg,3
10659.jpg,2
10660.jpg,6
10661.jpg,3
10662.jpg,2
10663.jpg,4
10664.jpg,1
10665.jpg,4
10666.jpg,3
10667.jpg,8
10668.jpg,0
10669.jpg,7
10670.jpg,6
10671.jpg,0
10672.jpg,8
10673.jpg,2
10674.jpg,9
10675.jpg,3
10676.jpg,8
10677.jpg,3
10678.jpg,6
10679.jpg,0
10680.jpg,1
10681.jpg,9
10682.jpg,9
10683.jpg,4
10684.jpg,9
10685.jpg,6
10686.jpg,5
10687.jpg,9
10688.jpg,3
10689.jpg,0
10690.jpg,4
10691.jpg,0
10692.jpg,0
10693.jpg,3
10694.jpg,4
10695.jpg,2
10696.jpg,7
10697.jpg,0
10698.jpg,5
10699.jpg,7
10700.jpg,1
10701.jpg,2
10702.jpg,3
10703.jpg,9
10704.jpg,1
10705.jpg,9
10706.jpg,0
10707.jpg,6
10708.jpg,9
10709.jpg,4
10710.jpg,9
10711.jpg,1
10712.jpg,4
10713.jpg,1
10714.jpg,2
10715.jpg,7
10716.jpg,0
10717.jpg,4
10718.jpg,8
10719.jpg,7
10720.jpg,0
10721.jpg,4
10722.jpg,3
10723.jpg,7
10724.jpg,8
10725.jpg,1
10726.jpg,4
10727.jpg,9
10728.jpg,2
10729.jpg,3
10730.jpg,5
10731.jpg,0
10732.jpg,4
10733.jpg,3
10734.jpg,6
10735.jpg,0
10736.jpg,4
10737.jpg,1
10738.jpg,8
10739.jpg,0
10740.jpg,3
10741.jpg,7
10742.jpg,6
10743.jpg,7
10744.jpg,0
10745.jpg,3
10746.jpg,0
10747.jpg,2
10748.jpg,8
10749.jpg,9
10750.jpg,6
10751.jpg,4
10752.jpg,6
10753.jpg,9
10754.jpg,3
10755.jpg,1
10756.jpg,7
10757.jpg,7
10758.jpg,6
10759.jpg,6
10760.jpg,2
10761.jpg,1
10762.jpg,8
10763.jpg,7
10764.jpg,2
10765.jpg,9
10766.jpg,7
10767.jpg,9
10768.jpg,0
10769.jpg,1
10770.jpg,5
10771.jpg,7
10772.jpg,6
10773.jpg,4
10774.jpg,5
10775.jpg,3
10776.jpg,7
10777.jpg,7
10778.jpg,8
10779.jpg,1
10780.jpg,5
10781.jpg,1
10782.jpg,2
10783.jpg,8
10784.jpg,2
10785.jpg,6
10786.jpg,5
10787.jpg,2
10788.jpg,6
10789.jpg,1
10790.jpg,3
10791.jpg,2
10792.jpg,1
10793.jpg,6
10794.jpg,4
10795.jpg,5
10796.jpg,3
10797.jpg,6
10798.jpg,4
10799.jpg,4
10800.jpg,3
10801.jpg,9
10802.jpg,9
10803.jpg,3
10804.jpg,7
10805.jpg,3
10806.jpg,4
10807.jpg,7
10808.jpg,9
10809.jpg,8
10810.jpg,9
10811.jpg,6
10812.jpg,7
10813.jpg,6
10814.jpg,7
10815.jpg,7
10816.jpg,6
10817.jpg,3
10818.jpg,3
10819.jpg,1
10820.jpg,9
10821.jpg,3
10822.jpg,0
10823.jpg,6
10824.jpg,8
10825.jpg,0
10826.jpg,4
10827.jpg,0
10828.jpg,7
10829.jpg,6
10830.jpg,0
10831.jpg,6
10832.jpg,4
10833.jpg,0
10834.jpg,8
10835.jpg,7
10836.jpg,3
10837.jpg,3
10838.jpg,3
10839.jpg,3
10840.jpg,0
10841.jpg,6
10842.jpg,0
10843.jpg,4
10844.jpg,0
10845.jpg,6
10846.jpg,8
10847.jpg,3
10848.jpg,6
10849.jpg,3
10850.jpg,9
10851.jpg,3
10852.jpg,2
10853.jpg,9
10854.jpg,3
10855.jpg,2
10856.jpg,7
10857.jpg,9
10858.jpg,6
10859.jpg,5
10860.jpg,5
10861.jpg,2
10862.jpg,4
10863.jpg,3
10864.jpg,2
10865.jpg,5
10866.jpg,9
10867.jpg,3
10868.jpg,6
10869.jpg,3
10870.jpg,6
10871.jpg,3
10872.jpg,4
10873.jpg,5
10874.jpg,7
10875.jpg,0
10876.jpg,7
10877.jpg,9
10878.jpg,0
10879.jpg,3
10880.jpg,1
10881.jpg,0
10882.jpg,9
10883.jpg,9
10884.jpg,6
10885.jpg,7
10886.jpg,2
10887.jpg,6
10888.jpg,3
10889.jpg,7
10890.jpg,6
10891.jpg,0
10892.jpg,7
10893.jpg,6
10894.jpg,1
10895.jpg,2
10896.jpg,7
10897.jpg,6
10898.jpg,5
10899.jpg,6
10900.jpg,7
10901.jpg,6
10902.jpg,3
10903.jpg,3
10904.jpg,1
10905.jpg,2
10906.jpg,8
10907.jpg,3
10908.jpg,2
10909.jpg,7
10910.jpg,0
10911.jpg,5
10912.jpg,7
10913.jpg,2
10914.jpg,6
10915.jpg,0
10916.jpg,2
10917.jpg,7
10918.jpg,2
10919.jpg,5
10920.jpg,8
10921.jpg,3
10922.jpg,1
10923.jpg,2
10924.jpg,0
10925.jpg,3
10926.jpg,6
10927.jpg,3
10928.jpg,7
10929.jpg,1
10930.jpg,9
10931.jpg,3
10932.jpg,0
10933.jpg,4
10934.jpg,9
10935.jpg,4
10936.jpg,3
10937.jpg,7
10938.jpg,2
10939.jpg,5
10940.jpg,1
10941.jpg,1
10942.jpg,0
10943.jpg,3
10944.jpg,6
10945.jpg,0
10946.jpg,3
10947.jpg,5
10948.jpg,8
10949.jpg,0
10950.jpg,3
10951.jpg,2
10952.jpg,1
10953.jpg,7
10954.jpg,4
10955.jpg,1
10956.jpg,6
10957.jpg,2
10958.jpg,1
10959.jpg,6
10960.jpg,4
10961.jpg,6
10962.jpg,1
10963.jpg,8
10964.jpg,1
10965.jpg,0
10966.jpg,6
10967.jpg,1
10968.jpg,1
10969.jpg,0
10970.jpg,0
10971.jpg,4
10972.jpg,1
10973.jpg,3
10974.jpg,6
10975.jpg,5
10976.jpg,7
10977.jpg,4
10978.jpg,9
10979.jpg,4
10980.jpg,1
10981.jpg,2
10982.jpg,3
10983.jpg,5
10984.jpg,3
10985.jpg,0
10986.jpg,9
10987.jpg,0
10988.jpg,6
10989.jpg,3
10990.jpg,3
10991.jpg,1
10992.jpg,6
10993.jpg,3
10994.jpg,3
10995.jpg,3
10996.jpg,4
10997.jpg,1
10998.jpg,2
10999.jpg,7
11000.jpg,4
11001.jpg,0
11002.jpg,9
11003.jpg,0
11004.jpg,4
11005.jpg,4
11006.jpg,0
11007.jpg,0
11008.jpg,4
11009.jpg,9
11010.jpg,3
11011.jpg,6
11012.jpg,7
11013.jpg,9
11014.jpg,3
11015.jpg,7
11016.jpg,0
11017.jpg,5
11018.jpg,9
11019.jpg,3
11020.jpg,0
11021.jpg,6
11022.jpg,2
11023.jpg,0
11024.jpg,5
11025.jpg,0
11026.jpg,4
11027.jpg,7
11028.jpg,3
11029.jpg,4
11030.jpg,5
11031.jpg,8
11032.jpg,2
11033.jpg,9
11034.jpg,4
11035.jpg,6
11036.jpg,1
11037.jpg,8
11038.jpg,0
11039.jpg,8
11040.jpg,4
11041.jpg,9
11042.jpg,7
11043.jpg,7
11044.jpg,7
11045.jpg,4
11046.jpg,2
11047.jpg,8
11048.jpg,9
11049.jpg,4
11050.jpg,1
11051.jpg,7
11052.jpg,6
11053.jpg,9
11054.jpg,9
11055.jpg,6
11056.jpg,3
11057.jpg,8
11058.jpg,9
11059.jpg,9
11060.jpg,1
11061.jpg,4
11062.jpg,8
11063.jpg,5
11064.jpg,9
11065.jpg,0
11066.jpg,1
11067.jpg,9
11068.jpg,2
11069.jpg,4
11070.jpg,0
11071.jpg,0
11072.jpg,9
11073.jpg,8
11074.jpg,0
11075.jpg,3
11076.jpg,6
11077.jpg,0
11078.jpg,0
11079.jpg,2
11080.jpg,7
11081.jpg,0
11082.jpg,0
11083.jpg,1
11084.jpg,1
11085.jpg,0
11086.jpg,5
11087.jpg,6
11088.jpg,1
11089.jpg,5
11090.jpg,3
11091.jpg,5
11092.jpg,3
11093.jpg,0
11094.jpg,0
11095.jpg,6
11096.jpg,6
11097.jpg,9
11098.jpg,8
11099.jpg,1
11100.jpg,9
11101.jpg,4
11102.jpg,4
11103.jpg,4
11104.jpg,4
11105.jpg,0
11106.jpg,0
11107.jpg,1
11108.jpg,0
11109.jpg,0
11110.jpg,7
11111.jpg,0
11112.jpg,2
11113.jpg,3
11114.jpg,9
11115.jpg,5
11116.jpg,9
11117.jpg,7
11118.jpg,3
11119.jpg,2
11120.jpg,7
11121.jpg,6
11122.jpg,9
11123.jpg,4
11124.jpg,5
11125.jpg,5
11126.jpg,3
11127.jpg,7
11128.jpg,7
11129.jpg,3
11130.jpg,1
11131.jpg,4
11132.jpg,8
11133.jpg,6
11134.jpg,8
11135.jpg,0
11136.jpg,3
11137.jpg,0
11138.jpg,7
11139.jpg,3
11140.jpg,6
11141.jpg,4
11142.jpg,0
11143.jpg,5
11144.jpg,1
11145.jpg,7
11146.jpg,3
11147.jpg,0
11148.jpg,3
11149.jpg,2
11150.jpg,0
11151.jpg,4
11152.jpg,5
11153.jpg,3
11154.jpg,8
11155.jpg,7
11156.jpg,3
11157.jpg,9
11158.jpg,6
11159.jpg,3
11160.jpg,6
11161.jpg,7
11162.jpg,2
11163.jpg,6
11164.jpg,0
11165.jpg,5
11166.jpg,3
11167.jpg,4
11168.jpg,9
11169.jpg,7
11170.jpg,6
11171.jpg,5
11172.jpg,8
11173.jpg,4
11174.jpg,4
11175.jpg,9
11176.jpg,2
11177.jpg,5
11178.jpg,3
11179.jpg,0
11180.jpg,8
11181.jpg,0
11182.jpg,4
11183.jpg,1
11184.jpg,0
11185.jpg,1
11186.jpg,5
11187.jpg,0
11188.jpg,6
11189.jpg,8
11190.jpg,6
11191.jpg,1
11192.jpg,8
11193.jpg,3
11194.jpg,8
11195.jpg,2
11196.jpg,9
11197.jpg,6
11198.jpg,6
11199.jpg,8
11200.jpg,5
11201.jpg,6
11202.jpg,6
11203.jpg,3
11204.jpg,7
11205.jpg,2
11206.jpg,9
11207.jpg,1
11208.jpg,2
11209.jpg,7
11210.jpg,8
11211.jpg,9
11212.jpg,5
11213.jpg,1
11214.jpg,6
11215.jpg,0
11216.jpg,1
11217.jpg,9
11218.jpg,4
11219.jpg,6
11220.jpg,1
11221.jpg,3
11222.jpg,9
11223.jpg,4
11224.jpg,3
11225.jpg,8
11226.jpg,1
11227.jpg,6
11228.jpg,9
11229.jpg,1
11230.jpg,7
11231.jpg,7
11232.jpg,0
11233.jpg,4
11234.jpg,6
11235.jpg,4
11236.jpg,5
11237.jpg,2
11238.jpg,8
11239.jpg,9
11240.jpg,3
11241.jpg,8
11242.jpg,0
11243.jpg,0
11244.jpg,5
11245.jpg,5
11246.jpg,3
11247.jpg,5
11248.jpg,5
11249.jpg,8
11250.jpg,7
11251.jpg,8
11252.jpg,9
11253.jpg,9
11254.jpg,4
11255.jpg,4
11256.jpg,8
11257.jpg,9
11258.jpg,5
11259.jpg,5
11260.jpg,3
11261.jpg,9
11262.jpg,4
11263.jpg,3
11264.jpg,5
11265.jpg,4
11266.jpg,2
11267.jpg,5
11268.jpg,4
11269.jpg,7
11270.jpg,1
11271.jpg,2
11272.jpg,4
11273.jpg,3
11274.jpg,9
11275.jpg,0
11276.jpg,7
11277.jpg,4
11278.jpg,1
11279.jpg,3
11280.jpg,0
11281.jpg,3
11282.jpg,2
11283.jpg,6
11284.jpg,8
11285.jpg,3
11286.jpg,5
11287.jpg,8
11288.jpg,9
11289.jpg,2
11290.jpg,3
11291.jpg,7
11292.jpg,6
11293.jpg,4
11294.jpg,6
11295.jpg,4
11296.jpg,3
11297.jpg,5
11298.jpg,6
11299.jpg,3
11300.jpg,0
11301.jpg,1
11302.jpg,8
11303.jpg,5
11304.jpg,6
11305.jpg,8
11306.jpg,8
11307.jpg,6
11308.jpg,3
11309.jpg,2
11310.jpg,3
11311.jpg,8
11312.jpg,4
11313.jpg,0
11314.jpg,9
11315.jpg,9
11316.jpg,6
11317.jpg,1
11318.jpg,9
11319.jpg,7
11320.jpg,8
11321.jpg,1
11322.jpg,3
11323.jpg,3
11324.jpg,7
11325.jpg,3
11326.jpg,1
11327.jpg,3
11328.jpg,7
11329.jpg,0
11330.jpg,3
11331.jpg,1
11332.jpg,5
11333.jpg,8
11334.jpg,4
11335.jpg,4
11336.jpg,0
11337.jpg,7
11338.jpg,6
11339.jpg,9
11340.jpg,1
11341.jpg,7
11342.jpg,6
11343.jpg,0
11344.jpg,7
11345.jpg,6
11346.jpg,7
11347.jpg,7
11348.jpg,3
11349.jpg,0
11350.jpg,6
11351.jpg,6
11352.jpg,3
11353.jpg,3
11354.jpg,4
11355.jpg,5
11356.jpg,2
11357.jpg,9
11358.jpg,4
11359.jpg,4
11360.jpg,3
11361.jpg,8
11362.jpg,2
11363.jpg,5
11364.jpg,9
11365.jpg,0
11366.jpg,6
11367.jpg,3
11368.jpg,4
11369.jpg,7
11370.jpg,4
11371.jpg,7
11372.jpg,1
11373.jpg,6
11374.jpg,4
11375.jpg,5
11376.jpg,0
11377.jpg,7
11378.jpg,9
11379.jpg,9
11380.jpg,1
11381.jpg,2
11382.jpg,1
11383.jpg,9
11384.jpg,3
11385.jpg,5
11386.jpg,6
11387.jpg,7
11388.jpg,2
11389.jpg,8
11390.jpg,8
11391.jpg,0
11392.jpg,4
11393.jpg,6
11394.jpg,9
11395.jpg,2
11396.jpg,6
11397.jpg,7
11398.jpg,0
11399.jpg,9
11400.jpg,4
11401.jpg,9
11402.jpg,7
11403.jpg,3
11404.jpg,4
11405.jpg,1
11406.jpg,5
11407.jpg,3
11408.jpg,1
11409.jpg,2
11410.jpg,8
11411.jpg,2
11412.jpg,6
11413.jpg,2
11414.jpg,1
11415.jpg,3
11416.jpg,4
11417.jpg,5
11418.jpg,9
11419.jpg,9
11420.jpg,9
11421.jpg,2
11422.jpg,7
11423.jpg,6
11424.jpg,7
11425.jpg,6
11426.jpg,8
11427.jpg,6
11428.jpg,5
11429.jpg,8
11430.jpg,3
11431.jpg,6
11432.jpg,5
11433.jpg,9
11434.jpg,1
11435.jpg,3
11436.jpg,5
11437.jpg,7
11438.jpg,3
11439.jpg,5
11440.jpg,9
11441.jpg,4
11442.jpg,9
11443.jpg,1
11444.jpg,6
11445.jpg,9
11446.jpg,9
11447.jpg,9
11448.jpg,3
11449.jpg,6
11450.jpg,7
11451.jpg,4
11452.jpg,4
11453.jpg,7
11454.jpg,6
11455.jpg,6
11456.jpg,5
11457.jpg,3
11458.jpg,6
11459.jpg,4
11460.jpg,2
11461.jpg,7
11462.jpg,8
11463.jpg,3
11464.jpg,3
11465.jpg,2
11466.jpg,9
11467.jpg,8
11468.jpg,3
11469.jpg,3
11470.jpg,7
11471.jpg,2
11472.jpg,6
11473.jpg,4
11474.jpg,4
11475.jpg,9
11476.jpg,5
11477.jpg,6
11478.jpg,0
11479.jpg,1
11480.jpg,1
11481.jpg,6
11482.jpg,9
11483.jpg,4
11484.jpg,2
11485.jpg,7
11486.jpg,1
11487.jpg,7
11488.jpg,5
11489.jpg,1
11490.jpg,7
11491.jpg,3
11492.jpg,3
11493.jpg,6
11494.jpg,3
11495.jpg,1
11496.jpg,3
11497.jpg,9
11498.jpg,9
11499.jpg,3
11500.jpg,4
11501.jpg,9
11502.jpg,2
11503.jpg,5
11504.jpg,0
11505.jpg,8
11506.jpg,0
11507.jpg,8
11508.jpg,2
11509.jpg,6
11510.jpg,0
11511.jpg,2
11512.jpg,0
11513.jpg,5
11514.jpg,9
11515.jpg,1
11516.jpg,4
11517.jpg,2
11518.jpg,1
11519.jpg,4
11520.jpg,5
11521.jpg,9
11522.jpg,0
11523.jpg,8
11524.jpg,1
11525.jpg,0
11526.jpg,0
11527.jpg,4
11528.jpg,6
11529.jpg,0
11530.jpg,2
11531.jpg,8
11532.jpg,4
11533.jpg,9
11534.jpg,5
11535.jpg,3
11536.jpg,4
11537.jpg,7
11538.jpg,3
11539.jpg,6
11540.jpg,3
11541.jpg,0
11542.jpg,4
11543.jpg,9
11544.jpg,9
11545.jpg,5
11546.jpg,6
11547.jpg,0
11548.jpg,3
11549.jpg,7
11550.jpg,2
11551.jpg,9
11552.jpg,3
11553.jpg,7
11554.jpg,5
11555.jpg,2
11556.jpg,3
11557.jpg,4
11558.jpg,2
11559.jpg,3
11560.jpg,7
11561.jpg,4
11562.jpg,6
11563.jpg,4
11564.jpg,3
11565.jpg,9
11566.jpg,2
11567.jpg,2
11568.jpg,4
11569.jpg,8
11570.jpg,4
11571.jpg,3
11572.jpg,2
11573.jpg,2
11574.jpg,0
11575.jpg,6
11576.jpg,5
11577.jpg,3
11578.jpg,0
11579.jpg,9
11580.jpg,9
11581.jpg,9
11582.jpg,4
11583.jpg,7
11584.jpg,2
11585.jpg,6
11586.jpg,4
11587.jpg,5
11588.jpg,5
11589.jpg,0
11590.jpg,4
11591.jpg,5
11592.jpg,9
11593.jpg,2
11594.jpg,3
11595.jpg,6
11596.jpg,2
11597.jpg,5
11598.jpg,7
11599.jpg,4
11600.jpg,0
11601.jpg,4
11602.jpg,7
11603.jpg,5
11604.jpg,0
11605.jpg,5
11606.jpg,9
11607.jpg,8
11608.jpg,8
11609.jpg,1
11610.jpg,1
11611.jpg,9
11612.jpg,3
11613.jpg,0
11614.jpg,8
11615.jpg,4
11616.jpg,2
11617.jpg,2
11618.jpg,4
11619.jpg,3
11620.jpg,4
11621.jpg,4
11622.jpg,9
11623.jpg,1
11624.jpg,1
11625.jpg,6
11626.jpg,9
11627.jpg,8
11628.jpg,3
11629.jpg,5
11630.jpg,1
11631.jpg,9
11632.jpg,7
11633.jpg,2
11634.jpg,3
11635.jpg,5
11636.jpg,1
11637.jpg,6
11638.jpg,4
11639.jpg,1
11640.jpg,9
11641.jpg,7
11642.jpg,8
11643.jpg,5
11644.jpg,5
11645.jpg,6
11646.jpg,2
11647.jpg,4
11648.jpg,0
11649.jpg,0
11650.jpg,2
11651.jpg,3
11652.jpg,4
11653.jpg,4
11654.jpg,9
11655.jpg,7
11656.jpg,1
11657.jpg,7
11658.jpg,2
11659.jpg,9
11660.jpg,4
11661.jpg,3
11662.jpg,3
11663.jpg,6
11664.jpg,3
11665.jpg,5
11666.jpg,8
11667.jpg,7
11668.jpg,0
11669.jpg,0
11670.jpg,9
11671.jpg,5
11672.jpg,9
11673.jpg,6
11674.jpg,9
11675.jpg,3
11676.jpg,9
11677.jpg,7
11678.jpg,5
11679.jpg,8
11680.jpg,4
11681.jpg,3
11682.jpg,0
11683.jpg,6
11684.jpg,1
11685.jpg,4
11686.jpg,9
11687.jpg,1
11688.jpg,5
11689.jpg,8
11690.jpg,5
11691.jpg,0
11692.jpg,3
11693.jpg,3
11694.jpg,3
11695.jpg,1
11696.jpg,1
11697.jpg,8
11698.jpg,6
11699.jpg,4
11700.jpg,6
11701.jpg,6
11702.jpg,5
11703.jpg,3
11704.jpg,8
11705.jpg,7
11706.jpg,7
11707.jpg,7
11708.jpg,3
11709.jpg,0
11710.jpg,6
11711.jpg,4
11712.jpg,9
11713.jpg,1
11714.jpg,5
11715.jpg,2
11716.jpg,1
11717.jpg,3
11718.jpg,5
11719.jpg,5
11720.jpg,2
11721.jpg,7
11722.jpg,1
11723.jpg,5
11724.jpg,9
11725.jpg,2
11726.jpg,7
11727.jpg,1
11728.jpg,3
11729.jpg,5
11730.jpg,0
11731.jpg,6
11732.jpg,3
11733.jpg,6
11734.jpg,1
11735.jpg,5
11736.jpg,6
11737.jpg,2
11738.jpg,4
11739.jpg,6
11740.jpg,7
11741.jpg,6
11742.jpg,0
11743.jpg,2
11744.jpg,4
11745.jpg,2
11746.jpg,5
11747.jpg,5
11748.jpg,4
11749.jpg,7
11750.jpg,9
11751.jpg,9
11752.jpg,7
11753.jpg,1
11754.jpg,1
11755.jpg,3
11756.jpg,3
11757.jpg,1
11758.jpg,1
11759.jpg,4
11760.jpg,3
11761.jpg,0
11762.jpg,9
11763.jpg,3
11764.jpg,6
11765.jpg,0
11766.jpg,2
11767.jpg,8
11768.jpg,1
11769.jpg,7
11770.jpg,0
11771.jpg,4
11772.jpg,0
11773.jpg,4
11774.jpg,0
11775.jpg,3
11776.jpg,8
11777.jpg,4
11778.jpg,0
11779.jpg,9
11780.jpg,4
11781.jpg,4
11782.jpg,8
11783.jpg,6
11784.jpg,6
11785.jpg,1
11786.jpg,4
11787.jpg,7
11788.jpg,6
11789.jpg,3
11790.jpg,2
11791.jpg,6
11792.jpg,1
11793.jpg,7
11794.jpg,2
11795.jpg,7
11796.jpg,6
11797.jpg,7
11798.jpg,1
11799.jpg,6
11800.jpg,9
11801.jpg,9
11802.jpg,3
11803.jpg,0
11804.jpg,0
11805.jpg,2
11806.jpg,3
11807.jpg,2
11808.jpg,7
11809.jpg,3
11810.jpg,7
11811.jpg,9
11812.jpg,2
11813.jpg,5
11814.jpg,2
11815.jpg,3
11816.jpg,4
11817.jpg,3
11818.jpg,8
11819.jpg,2
11820.jpg,1
11821.jpg,1
11822.jpg,3
11823.jpg,4
11824.jpg,9
11825.jpg,3
11826.jpg,1
11827.jpg,0
11828.jpg,7
11829.jpg,0
11830.jpg,3
11831.jpg,4
11832.jpg,2
11833.jpg,3
11834.jpg,8
11835.jpg,0
11836.jpg,7
11837.jpg,2
11838.jpg,9
11839.jpg,3
11840.jpg,3
11841.jpg,3
11842.jpg,4
11843.jpg,7
11844.jpg,0
11845.jpg,6
11846.jpg,3
11847.jpg,6
11848.jpg,0
11849.jpg,3
11850.jpg,5
11851.jpg,6
11852.jpg,0
11853.jpg,5
11854.jpg,3
11855.jpg,5
11856.jpg,1
11857.jpg,5
11858.jpg,3
11859.jpg,0
11860.jpg,1
11861.jpg,0
11862.jpg,0
11863.jpg,2
11864.jpg,7
11865.jpg,5
11866.jpg,2
11867.jpg,7
11868.jpg,7
11869.jpg,2
11870.jpg,6
11871.jpg,0
11872.jpg,6
11873.jpg,8
11874.jpg,6
11875.jpg,4
11876.jpg,0
11877.jpg,3
11878.jpg,5
11879.jpg,4
11880.jpg,8
11881.jpg,0
11882.jpg,8
11883.jpg,9
11884.jpg,2
11885.jpg,5
11886.jpg,9
11887.jpg,4
11888.jpg,7
11889.jpg,0
11890.jpg,5
11891.jpg,5
11892.jpg,2
11893.jpg,8
11894.jpg,3
11895.jpg,1
11896.jpg,3
11897.jpg,1
11898.jpg,3
11899.jpg,0
11900.jpg,4
11901.jpg,2
11902.jpg,3
11903.jpg,0
11904.jpg,7
11905.jpg,6
11906.jpg,8
11907.jpg,9
11908.jpg,5
11909.jpg,4
11910.jpg,6
11911.jpg,5
11912.jpg,6
11913.jpg,4
11914.jpg,9
11915.jpg,0
11916.jpg,4
11917.jpg,1
11918.jpg,1
11919.jpg,6
11920.jpg,7
11921.jpg,8
11922.jpg,9
11923.jpg,1
11924.jpg,4
11925.jpg,9
11926.jpg,6
11927.jpg,4
11928.jpg,4
11929.jpg,7
11930.jpg,7
11931.jpg,2
11932.jpg,3
11933.jpg,7
11934.jpg,9
11935.jpg,2
11936.jpg,3
11937.jpg,1
11938.jpg,8
11939.jpg,2
11940.jpg,7
11941.jpg,2
11942.jpg,1
11943.jpg,7
11944.jpg,6
11945.jpg,9
11946.jpg,7
11947.jpg,6
11948.jpg,7
11949.jpg,0
11950.jpg,9
11951.jpg,9
11952.jpg,5
11953.jpg,8
11954.jpg,1
11955.jpg,1
11956.jpg,3
11957.jpg,7
11958.jpg,1
11959.jpg,9
11960.jpg,2
11961.jpg,9
11962.jpg,6
11963.jpg,8
11964.jpg,3
11965.jpg,1
11966.jpg,0
11967.jpg,2
11968.jpg,3
11969.jpg,0
11970.jpg,2
11971.jpg,2
11972.jpg,1
11973.jpg,4
11974.jpg,9
11975.jpg,3
11976.jpg,2
11977.jpg,2
11978.jpg,6
11979.jpg,3
11980.jpg,1
11981.jpg,8
11982.jpg,7
11983.jpg,2
11984.jpg,4
11985.jpg,0
11986.jpg,9
11987.jpg,7
11988.jpg,0
11989.jpg,6
11990.jpg,9
11991.jpg,5
11992.jpg,9
11993.jpg,4
11994.jpg,6
11995.jpg,0
11996.jpg,0
11997.jpg,4
11998.jpg,4
11999.jpg,2
